#
# A fatal error has been detected by the Java Runtime Environment:
#
#  EXCEPTION_ACCESS_VIOLATION (0xc0000005) at pc=0x00007ffe0ee0b0f6, pid=25596, tid=25032
#
# JRE version: OpenJDK Runtime Environment Temurin-22.0.2+9 (22.0.2+9) (build 22.0.2+9)
# Java VM: OpenJDK 64-Bit Server VM Temurin-22.0.2+9 (22.0.2+9, mixed mode, tiered, compressed oops, compressed class ptrs, g1 gc, windows-amd64)
# Problematic frame:
# C  [awt.dll+0xdb0f6]
#
# No core dump will be written. Minidumps are not enabled by default on client versions of Windows
#
# If you would like to submit a bug report, please visit:
#   https://github.com/adoptium/adoptium-support/issues
# The crash happened outside the Java Virtual Machine in native code.
# See problematic frame for where to report the bug.
#

---------------  S U M M A R Y ------------

Command Line: -Dfile.encoding=UTF-8 -Dstdout.encoding=UTF-8 -Dstderr.encoding=UTF-8 -XX:+ShowCodeDetailsInExceptionMessages controlador.Principal

Host: 12th Gen Intel(R) Core(TM) i5-12500H, 16 cores, 15G,  Windows 11 , 64 bit Build 22621 (10.0.22621.4974)
Time: Wed Apr  2 13:27:18 2025 Hora de verano romance elapsed time: 1732.822708 seconds (0d 0h 28m 52s)

---------------  T H R E A D  ---------------

Current thread (0x0000022143945410):  JavaThread "AWT-EventQueue-0"        [_thread_in_native, id=25032, stack(0x000000aadfe00000,0x000000aadff00000) (1024K)]

Stack: [0x000000aadfe00000,0x000000aadff00000],  sp=0x000000aadfefd550,  free space=1013k
Native frames: (J=compiled Java code, j=interpreted, Vv=VM code, C=native code)
C  [awt.dll+0xdb0f6]  (no source info available)
C  [awt.dll+0xdc932]  (no source info available)
C  0x0000022132e5cf87  (no source info available)

The last pc belongs to native method entry point (kind = native) (printed below).
Java frames: (J=compiled Java code, j=interpreted, Vv=VM code)
j  sun.awt.Win32GraphicsDevice.initNativeScale(I)V+0 java.desktop@22.0.2
j  sun.awt.Win32GraphicsDevice.initScaleFactors()V+60 java.desktop@22.0.2
j  sun.awt.Win32GraphicsDevice.displayChanged()V+16 java.desktop@22.0.2
j  sun.awt.Win32GraphicsEnvironment.displayChanged()V+271 java.desktop@22.0.2
j  sun.awt.windows.WToolkit.lambda$displayChanged$4()V+15 java.desktop@22.0.2
j  sun.awt.windows.WToolkit$$Lambda+0x000000009927e6f0.run()V+0 java.desktop@22.0.2
J 1757 c1 java.awt.event.InvocationEvent.dispatch()V java.desktop@22.0.2 (69 bytes) @ 0x000002212bcfde84 [0x000002212bcfdc80+0x0000000000000204]
J 1491 c1 java.awt.EventQueue.dispatchEventImpl(Ljava/awt/AWTEvent;Ljava/lang/Object;)V java.desktop@22.0.2 (139 bytes) @ 0x000002212bc7522c [0x000002212bc73b20+0x000000000000170c]
J 1490 c1 java.awt.EventQueue$4.run()Ljava/lang/Void; java.desktop@22.0.2 (60 bytes) @ 0x000002212bc717bc [0x000002212bc71680+0x000000000000013c]
J 1485 c1 java.awt.EventQueue.dispatchEvent(Ljava/awt/AWTEvent;)V java.desktop@22.0.2 (80 bytes) @ 0x000002212bc72434 [0x000002212bc71e80+0x00000000000005b4]
J 1492 c1 java.awt.EventDispatchThread.pumpOneEventForFilters(I)V java.desktop@22.0.2 (106 bytes) @ 0x000002212bc79cec [0x000002212bc79540+0x00000000000007ac]
j  java.awt.EventDispatchThread.pumpEventsForFilter(ILjava/awt/Conditional;Ljava/awt/EventFilter;)V+35 java.desktop@22.0.2
j  java.awt.EventDispatchThread.pumpEventsForFilter(Ljava/awt/Conditional;Ljava/awt/EventFilter;)V+4 java.desktop@22.0.2
j  java.awt.WaitDispatchSupport$2.run()V+59 java.desktop@22.0.2
j  java.awt.WaitDispatchSupport$4.run()Ljava/lang/Void;+4 java.desktop@22.0.2
j  java.awt.WaitDispatchSupport$4.run()Ljava/lang/Object;+1 java.desktop@22.0.2
J 2376 c1 java.security.AccessController.doPrivileged(Ljava/security/PrivilegedAction;)Ljava/lang/Object; java.base@22.0.2 (9 bytes) @ 0x000002212ba3826c [0x000002212ba38100+0x000000000000016c]
j  java.awt.WaitDispatchSupport.enter()Z+266 java.desktop@22.0.2
j  java.awt.Dialog.show()V+225 java.desktop@22.0.2
j  java.awt.Component.show(Z)V+5 java.desktop@22.0.2
j  java.awt.Component.setVisible(Z)V+2 java.desktop@22.0.2
j  java.awt.Window.setVisible(Z)V+2 java.desktop@22.0.2
j  java.awt.Dialog.setVisible(Z)V+2 java.desktop@22.0.2
j  vista.PagInicio.consultarCurso(Lmodelo/Curso;)V+13
j  vista.PagInicio.actionPerformed(Ljava/awt/event/ActionEvent;)V+232
j  javax.swing.AbstractButton.fireActionPerformed(Ljava/awt/event/ActionEvent;)V+84 java.desktop@22.0.2
j  javax.swing.AbstractButton$Handler.actionPerformed(Ljava/awt/event/ActionEvent;)V+5 java.desktop@22.0.2
j  javax.swing.DefaultButtonModel.fireActionPerformed(Ljava/awt/event/ActionEvent;)V+34 java.desktop@22.0.2
j  javax.swing.DefaultButtonModel.setPressed(Z)V+117 java.desktop@22.0.2
j  javax.swing.plaf.basic.BasicButtonListener.mouseReleased(Ljava/awt/event/MouseEvent;)V+35 java.desktop@22.0.2
j  java.awt.Component.processMouseEvent(Ljava/awt/event/MouseEvent;)V+64 java.desktop@22.0.2
j  javax.swing.JComponent.processMouseEvent(Ljava/awt/event/MouseEvent;)V+23 java.desktop@22.0.2
J 2601 c1 java.awt.Component.processEvent(Ljava/awt/AWTEvent;)V java.desktop@22.0.2 (220 bytes) @ 0x000002212be80f8c [0x000002212be80a60+0x000000000000052c]
J 1772 c1 java.awt.Container.processEvent(Ljava/awt/AWTEvent;)V java.desktop@22.0.2 (22 bytes) @ 0x000002212bd0cea4 [0x000002212bd0cbe0+0x00000000000002c4]
J 1758 c1 java.awt.Component.dispatchEventImpl(Ljava/awt/AWTEvent;)V java.desktop@22.0.2 (785 bytes) @ 0x000002212bd02cec [0x000002212bcff5c0+0x000000000000372c]
J 1512 c1 java.awt.Container.dispatchEventImpl(Ljava/awt/AWTEvent;)V java.desktop@22.0.2 (129 bytes) @ 0x000002212bc86ea4 [0x000002212bc86d60+0x0000000000000144]
J 1765 c1 java.awt.LightweightDispatcher.retargetMouseEvent(Ljava/awt/Component;ILjava/awt/event/MouseEvent;)V java.desktop@22.0.2 (372 bytes) @ 0x000002212bd0a6dc [0x000002212bd083c0+0x000000000000231c]
J 2572 c1 java.awt.LightweightDispatcher.processMouseEvent(Ljava/awt/event/MouseEvent;)Z java.desktop@22.0.2 (268 bytes) @ 0x000002212be71934 [0x000002212be708e0+0x0000000000001054]
J 2200 c1 java.awt.LightweightDispatcher.dispatchEvent(Ljava/awt/AWTEvent;)Z java.desktop@22.0.2 (73 bytes) @ 0x000002212be0a27c [0x000002212be09f00+0x000000000000037c]
J 1512 c1 java.awt.Container.dispatchEventImpl(Ljava/awt/AWTEvent;)V java.desktop@22.0.2 (129 bytes) @ 0x000002212bc86e44 [0x000002212bc86d60+0x00000000000000e4]
J 1811 c1 java.awt.Window.dispatchEventImpl(Ljava/awt/AWTEvent;)V java.desktop@22.0.2 (23 bytes) @ 0x000002212bd1f15c [0x000002212bd1ec00+0x000000000000055c]
J 1491 c1 java.awt.EventQueue.dispatchEventImpl(Ljava/awt/AWTEvent;Ljava/lang/Object;)V java.desktop@22.0.2 (139 bytes) @ 0x000002212bc73f14 [0x000002212bc73b20+0x00000000000003f4]
J 1490 c1 java.awt.EventQueue$4.run()Ljava/lang/Void; java.desktop@22.0.2 (60 bytes) @ 0x000002212bc717bc [0x000002212bc71680+0x000000000000013c]
J 1489 c1 java.awt.EventQueue$4.run()Ljava/lang/Object; java.desktop@22.0.2 (5 bytes) @ 0x000002212bc705d4 [0x000002212bc70540+0x0000000000000094]
J 1171 c1 java.security.ProtectionDomain$JavaSecurityAccessImpl.doIntersectionPrivilege(Ljava/security/PrivilegedAction;Ljava/security/AccessControlContext;Ljava/security/AccessControlContext;)Ljava/lang/Object; java.base@22.0.2 (22 bytes) @ 0x000002212bbea9d4 [0x000002212bbea740+0x0000000000000294]
J 1485 c1 java.awt.EventQueue.dispatchEvent(Ljava/awt/AWTEvent;)V java.desktop@22.0.2 (80 bytes) @ 0x000002212bc72974 [0x000002212bc71e80+0x0000000000000af4]
J 1492 c1 java.awt.EventDispatchThread.pumpOneEventForFilters(I)V java.desktop@22.0.2 (106 bytes) @ 0x000002212bc79cec [0x000002212bc79540+0x00000000000007ac]
j  java.awt.EventDispatchThread.pumpEventsForFilter(ILjava/awt/Conditional;Ljava/awt/EventFilter;)V+35 java.desktop@22.0.2
j  java.awt.EventDispatchThread.pumpEventsForHierarchy(ILjava/awt/Conditional;Ljava/awt/Component;)V+11 java.desktop@22.0.2
j  java.awt.EventDispatchThread.pumpEvents(ILjava/awt/Conditional;)V+4 java.desktop@22.0.2
j  java.awt.EventDispatchThread.pumpEvents(Ljava/awt/Conditional;)V+3 java.desktop@22.0.2
j  java.awt.EventDispatchThread.run()V+9 java.desktop@22.0.2
v  ~StubRoutines::call_stub 0x0000022132e5100d

siginfo: EXCEPTION_ACCESS_VIOLATION (0xc0000005), reading address 0x0000009000000b74


Registers:
RAX=0x0000009000000b24, RBX=0x0000022149bcb960, RCX=0x0000009000000b24, RDX=0x0000000000000000
RSP=0x000000aadfefd550, RBP=0x000000aadfefd630, RSI=0x0000000000000002, RDI=0x0000000000000000
R8 =0x0000000000000001, R9 =0x00000007077a2dc8, R10=0x0000022132e5cf58, R11=0x0000000000000100
R12=0x0000000000000000, R13=0x0000022144a9e8f0, R14=0x000000aadfefd658, R15=0x0000022143945410
RIP=0x00007ffe0ee0b0f6, EFLAGS=0x0000000000010206


Register to memory mapping:

RAX=0x0000009000000b24 is an unknown value
RBX=0x0000022149bcb960 points into unknown readable memory: 0x00000221435cebf0 | f0 eb 5c 43 21 02 00 00
RCX=0x0000009000000b24 is an unknown value
RDX=0x0 is null
RSP=0x000000aadfefd550 is pointing into the stack for thread: 0x0000022143945410
RBP=0x000000aadfefd630 is pointing into the stack for thread: 0x0000022143945410
RSI=0x0000000000000002 is an unknown value
RDI=0x0 is null
R8 =0x0000000000000001 is an unknown value
R9 =0x00000007077a2dc8 is an oop: java.lang.Class 
{0x00000007077a2dc8} - klass: 'java/lang/Class'
 - ---- fields (total size 16 words):
 - private volatile transient 'classRedefinedCount' 'I' @12  0 (0x00000000)
 - injected 'klass' 'J' @16  2567950896 (0x00000000990fd230)
 - injected 'array_klass' 'J' @24  0 (0x0000000000000000)
 - injected 'oop_size' 'I' @32  16 (0x00000010)
 - injected 'static_oop_field_count' 'I' @36  0 (0x00000000)
 - private volatile transient 'cachedConstructor' 'Ljava/lang/reflect/Constructor;' @40  null (0x00000000)
 - private transient 'name' 'Ljava/lang/String;' @44  "sun.awt.Win32GraphicsEnvironment"{0x0000000713450838} (0xe268a107)
 - private transient 'module' 'Ljava/lang/Module;' @48  a 'java/lang/Module'{0x00000007052047b8} (0xe0a408f7)
 - private final 'classLoader' 'Ljava/lang/ClassLoader;' @52  null (0x00000000)
 - private transient 'classData' 'Ljava/lang/Object;' @56  null (0x00000000)
 - private transient 'packageName' 'Ljava/lang/String;' @60  null (0x00000000)
 - private final 'componentType' 'Ljava/lang/Class;' @64  null (0x00000000)
 - private volatile transient 'reflectionData' 'Ljava/lang/ref/SoftReference;' @68  null (0x00000000)
 - private volatile transient 'genericInfo' 'Lsun/reflect/generics/repository/ClassRepository;' @72  null (0x00000000)
 - private volatile transient 'enumConstants' '[Ljava/lang/Object;' @76  null (0x00000000)
 - private volatile transient 'enumConstantDirectory' 'Ljava/util/Map;' @80  null (0x00000000)
 - private volatile transient 'annotationData' 'Ljava/lang/Class$AnnotationData;' @84  null (0x00000000)
 - private volatile transient 'annotationType' 'Lsun/reflect/annotation/AnnotationType;' @88  null (0x00000000)
 - transient 'classValueMap' 'Ljava/lang/ClassValue$ClassValueMap;' @92  null (0x00000000)
 - injected 'protection_domain' 'Ljava/lang/Object;' @96  null (0x00000000)
 - injected 'signers_name' 'Ljava/lang/Object;' @100  null (0x00000000)
 - injected 'source_file' 'Ljava/lang/Object;' @104  "Win32GraphicsEnvironment.java"{0x00000007134507f0} (0xe268a0fe)
 - signature: Lsun/awt/Win32GraphicsEnvironment;
 - ---- static fields (0):
 - static final 'debugScaleX' 'F' @112  -1.000000 (0xbf800000)
 - static final 'debugScaleY' 'F' @116  -1.000000 (0xbf800000)
 - private static volatile 'isDWMCompositionEnabled' 'Z' @120  true (0x01)
 - static final synthetic '$assertionsDisabled' 'Z' @121  true (0x01)
R10=0x0000022132e5cf58 is at code_begin+1016 in an Interpreter codelet
native method entry point (kind = native)  [0x0000022132e5cb60, 0x0000022132e5d680]  2848 bytes
R11=0x0000000000000100 is an unknown value
R12=0x0 is null
R13={method} {0x0000022144a9e8f8} 'initNativeScale' '(I)V' in 'sun/awt/Win32GraphicsDevice'
R14=0x000000aadfefd658 is pointing into the stack for thread: 0x0000022143945410
R15=0x0000022143945410 is a thread

Top of Stack: (sp=0x000000aadfefd550)
0x000000aadfefd550:   000002213362cf90 0000000000000000
0x000000aadfefd560:   0000022149bcb960 0000000000000002
0x000000aadfefd570:   0000022149bcb960 00007ffe0ee0c932
0x000000aadfefd580:   00007ffe0ee69848 0000022144a9e8f0
0x000000aadfefd590:   000002213823e000 0000000713447ac8
0x000000aadfefd5a0:   0000022132e58a40 0000022132e5cf87
0x000000aadfefd5b0:   0000022144a9e8f0 00000221444c9f28
0x000000aadfefd5c0:   000000aadfefd6d8 0000000000000002
0x000000aadfefd5d0:   0000560000000000 0000000000000000
0x000000aadfefd5e0:   000000aadfefda00 fffffffffffffff7
0x000000aadfefd5f0:   0000000000000000 0000000000000005
0x000000aadfefd600:   0000022144aa1fb8 0000000000000000
0x000000aadfefd610:   00000007077900c8 0000022144a9e8f0
0x000000aadfefd620:   0000000000000000 000000aadfefd650
0x000000aadfefd630:   000000aadfefd6a8 0000022132e588a6
0x000000aadfefd640:   0000000000000000 0000022132e5a4d7
0x000000aadfefd650:   0000000000000000 0000000705292b18
0x000000aadfefd660:   fffffffffffffff7 0000022144a9ef44
0x000000aadfefd670:   0000000000000002 0000022144aa1fb8
0x000000aadfefd680:   0000000000000000 00000007077900c8
0x000000aadfefd690:   0000022144a9ef90 fffffffffffffff5
0x000000aadfefd6a0:   000000aadfefd6b8 000000aadfefd708
0x000000aadfefd6b0:   0000022132e588a6 0000000705292b18
0x000000aadfefd6c0:   fffffffffffffff7 0000022144aa0808
0x000000aadfefd6d0:   0000000000000003 0000022144aa1fb8
0x000000aadfefd6e0:   0000000000000000 00000007077900c8
0x000000aadfefd6f0:   0000022144aa0850 fffffffffffffff6
0x000000aadfefd700:   000000aadfefd720 000000aadfefd770
0x000000aadfefd710:   0000022132e588a6 0000000000000000
0x000000aadfefd720:   0000000705292b18 fffffffffffffff7
0x000000aadfefd730:   00000221449b966f 0000000000000008
0x000000aadfefd740:   00000221449bd650 0000000000000000 

Instructions: (pc=0x00007ffe0ee0b0f6)
0x00007ffe0ee0aff6:   11 45 d4 0f 11 45 e4 0f 11 45 f4 89 45 04 c7 45
0x00007ffe0ee0b006:   a0 68 00 00 00 0f 11 44 24 34 0f 11 44 24 44 0f
0x00007ffe0ee0b016:   11 44 24 54 0f 11 44 24 64 0f 11 44 24 74 0f 11
0x00007ffe0ee0b026:   45 84 89 45 94 c7 44 24 30 68 00 00 00 48 8d 55
0x00007ffe0ee0b036:   a0 49 8b ce ff 15 88 7d 06 00 85 c0 74 41 48 8d
0x00007ffe0ee0b046:   54 24 30 48 8b ce ff 15 76 7d 06 00 85 c0 74 2f
0x00007ffe0ee0b056:   48 8d 54 24 34 48 8d 4d a4 ff 15 ab 78 06 00 85
0x00007ffe0ee0b066:   c0 74 1c 48 8d 54 24 44 48 8d 4d b4 ff 15 98 78
0x00007ffe0ee0b076:   06 00 85 c0 74 09 8b 44 24 54 39 45 c4 74 11 ff
0x00007ffe0ee0b086:   c7 3b 7b 0c 0f 8c 40 ff ff ff 8b 3d 0a b3 06 00
0x00007ffe0ee0b096:   48 8b cb e8 02 ce f4 ff 90 8b c7 48 8b 4d 10 48
0x00007ffe0ee0b0a6:   33 cc e8 53 02 01 00 4c 8d 9c 24 20 01 00 00 49
0x00007ffe0ee0b0b6:   8b 5b 28 49 8b 73 30 49 8b e3 41 5e 5f 5d c3 cc
0x00007ffe0ee0b0c6:   cc cc cc cc cc cc cc cc cc cc 48 8b 41 08 48 8b
0x00007ffe0ee0b0d6:   80 18 0c 00 00 c3 cc cc cc cc 48 8b 41 08 48 05
0x00007ffe0ee0b0e6:   00 04 00 00 c3 cc cc cc cc cc 40 53 48 83 ec 20
0x00007ffe0ee0b0f6:   83 79 50 00 48 8b d9 75 56 48 8b 49 28 4c 8d 44
0x00007ffe0ee0b106:   24 38 48 8d 54 24 30 c7 44 24 30 00 00 80 bf c7
0x00007ffe0ee0b116:   44 24 38 00 00 80 bf e8 be e1 00 00 f3 0f 10 54
0x00007ffe0ee0b126:   24 30 0f 57 c0 0f 2f d0 76 25 f3 0f 10 4c 24 38
0x00007ffe0ee0b136:   0f 2f c8 76 1a f3 0f 5e 15 d9 9b 02 00 f3 0f 5e
0x00007ffe0ee0b146:   0d d1 9b 02 00 f3 0f 11 53 48 f3 0f 11 4b 4c 48
0x00007ffe0ee0b156:   83 c4 20 5b c3 cc cc cc cc cc 48 89 5c 24 10 48
0x00007ffe0ee0b166:   89 74 24 18 48 89 7c 24 20 41 56 48 83 ec 40 48
0x00007ffe0ee0b176:   8b d9 48 83 79 18 00 75 14 b9 28 04 00 00 e8 97
0x00007ffe0ee0b186:   97 00 00 48 89 43 18 c7 00 28 00 00 00 48 8b 43
0x00007ffe0ee0b196:   18 33 ff 66 89 78 0e 48 8b 4b 28 e8 5a 03 00 00
0x00007ffe0ee0b1a6:   48 8b f0 ba 01 00 00 00 44 8b c2 48 8b c8 ff 15
0x00007ffe0ee0b1b6:   76 74 06 00 4c 8b f0 89 7c 24 30 48 8b 4b 18 48
0x00007ffe0ee0b1c6:   89 4c 24 28 48 89 7c 24 20 44 8d 4f 01 45 33 c0
0x00007ffe0ee0b1d6:   48 8b d0 48 8b ce ff 15 2e 75 06 00 48 8b 53 30
0x00007ffe0ee0b1e6:   48 8b 0b 83 79 04 08 0f 8e 01 02 00 00 f6 42 24 


Stack slot to memory mapping:

stack at sp + 0 slots: 0x000002213362cf90 is at entry_point+-400 in (nmethod*)0x000002213362cf90
Compiled method (c2) 1732931 1767       4       java.util.ArrayList$Itr::next (66 bytes)
 total in heap  [0x000002213362cf90,0x000002213362d3a8] = 1048
 relocation     [0x000002213362d0e8,0x000002213362d118] = 48
 main code      [0x000002213362d120,0x000002213362d270] = 336
 stub code      [0x000002213362d270,0x000002213362d288] = 24
 metadata       [0x000002213362d288,0x000002213362d298] = 16
 scopes data    [0x000002213362d298,0x000002213362d308] = 112
 scopes pcs     [0x000002213362d308,0x000002213362d388] = 128
 dependencies   [0x000002213362d388,0x000002213362d390] = 8
 nul chk table  [0x000002213362d390,0x000002213362d3a8] = 24
stack at sp + 1 slots: 0x0 is null
stack at sp + 2 slots: 0x0000022149bcb960 points into unknown readable memory: 0x00000221435cebf0 | f0 eb 5c 43 21 02 00 00
stack at sp + 3 slots: 0x0000000000000002 is an unknown value
stack at sp + 4 slots: 0x0000022149bcb960 points into unknown readable memory: 0x00000221435cebf0 | f0 eb 5c 43 21 02 00 00
stack at sp + 5 slots: 0x00007ffe0ee0c932 awt.dll
stack at sp + 6 slots: 0x00007ffe0ee69848 awt.dll
stack at sp + 7 slots: {method} {0x0000022144a9e8f8} 'initNativeScale' '(I)V' in 'sun/awt/Win32GraphicsDevice'

native method entry point (kind = native)  [0x0000022132e5cb60, 0x0000022132e5d680]  2848 bytes
[MachCode]
  0x0000022132e5cb60: 488b 4b08 | 0fb7 492e | 584c 8d74 | ccf8 6800 | 0000 0068 | 0000 0000 | 5055 488b | ec41 5568 
  0x0000022132e5cb80: 0000 0000 | 4c8b 6b08 | 4d8d 6d38 | 5348 8b53 | 0848 8b52 | 0848 8b52 | 1848 8b52 | 7048 8b12 
  0x0000022132e5cba0: 5248 8b53 | 1048 85d2 | 0f84 0700 | 0000 4881 | c210 0100 | 0052 488b | 5308 488b | 5208 488b 
  0x0000022132e5cbc0: 5210 5249 | 8bc6 482b | c548 c1e8 | 0350 6800 | 0000 0068 | f7ff ffff | 41c6 8781 | 0400 0001 
  0x0000022132e5cbe0: 488b 4310 | 4885 c074 | 208b 88cc | 0000 0083 | c102 8988 | cc00 0000 | 2388 e000 | 0000 0f84 
  0x0000022132e5cc00: cb09 0000 | e9cf 0000 | 0048 8b43 | 1848 85c0 | 0f85 b000 | 0000 e805 | 0000 00e9 | 9900 0000 
  0x0000022132e5cc20: 488b d348 | 8d44 2408 | 4c89 6dc0 | 498b cfc5 | f877 4989 | afb0 0300 | 0049 8987 | a003 0000 
  0x0000022132e5cc40: 4883 ec20 | 40f6 c40f | 0f84 1900 | 0000 4883 | ec08 48b8 | 800f 40c2 | fd7f 0000 | ffd0 4883 
  0x0000022132e5cc60: c408 e90c | 0000 0048 | b880 0f40 | c2fd 7f00 | 00ff d048 | 83c4 2049 | c787 a003 | 0000 0000 
  0x0000022132e5cc80: 0000 49c7 | 87b0 0300 | 0000 0000 | 0049 c787 | a803 0000 | 0000 0000 | c5f8 7749 | 837f 0800 
  0x0000022132e5cca0: 0f84 0500 | 0000 e955 | 42ff ff4c | 8b6d c04c | 8b75 c84e | 8d74 f500 | c348 8b43 | 1848 85c0 
  0x0000022132e5ccc0: 0f84 1200 | 0000 8b48 | 0883 c102 | 8948 0823 | 481c 0f84 | f708 0000 | 493b a7f0 | 0400 000f 
  0x0000022132e5cce0: 8748 0000 | 0089 8424 | 00f0 ffff | 8984 2400 | e0ff ff89 | 8424 00d0 | ffff 8984 | 2400 c0ff 
  0x0000022132e5cd00: ff89 8424 | 00b0 ffff | 8984 2400 | a0ff ff89 | 8424 0090 | ffff 8984 | 2400 80ff | ff49 3ba7 
  0x0000022132e5cd20: e804 0000 | 7607 4989 | a7f0 0400 | 0041 c687 | 8104 0000 | 0049 ba4c | 84cd c2fd | 7f00 0041 
  0x0000022132e5cd40: 803a 000f | 843e 0000 | 0048 8b55 | e849 8bcf | 4883 ec20 | 40f6 c40f | 0f84 1900 | 0000 4883 
  0x0000022132e5cd60: ec08 48b8 | 5046 77c2 | fd7f 0000 | ffd0 4883 | c408 e90c | 0000 0048 | b850 4677 | c2fd 7f00 
  0x0000022132e5cd80: 00ff d048 | 83c4 2048 | 8b5d e84c | 8b5b 0845 | 0fb7 5b2e | 41c1 e303 | 492b e348 | 83ec 2048 
  0x0000022132e5cda0: 83e4 f04c | 8b5b 604d | 85db 0f85 | ab00 0000 | e805 0000 | 00e9 9900 | 0000 488b | d348 8d44 
  0x0000022132e5cdc0: 2408 4c89 | 6dc0 498b | cfc5 f877 | 4989 afb0 | 0300 0049 | 8987 a003 | 0000 4883 | ec20 40f6 
  0x0000022132e5cde0: c40f 0f84 | 1900 0000 | 4883 ec08 | 48b8 a036 | 40c2 fd7f | 0000 ffd0 | 4883 c408 | e90c 0000 
  0x0000022132e5ce00: 0048 b8a0 | 3640 c2fd | 7f00 00ff | d048 83c4 | 2049 c787 | a003 0000 | 0000 0000 | 49c7 87b0 
  0x0000022132e5ce20: 0300 0000 | 0000 0049 | c787 a803 | 0000 0000 | 0000 c5f8 | 7749 837f | 0800 0f84 | 0500 0000 
  0x0000022132e5ce40: e9bb 40ff | ff4c 8b6d | c04c 8b75 | c84e 8d74 | f500 c348 | 8b5d e84c | 8b5b 6041 | ffd3 488b 
  0x0000022132e5ce60: 5de8 4889 | 4518 448b | 5b28 41f6 | c308 0f84 | 1b00 0000 | 4c8b 5b08 | 4d8b 5b08 | 4d8b 5b18 
  0x0000022132e5ce80: 4d8b 5b70 | 4d8b 1b4c | 895d 1048 | 8d55 1048 | 8b43 5849 | ba40 9c77 | c2fd 7f00 | 0049 3bc2 
  0x0000022132e5cea0: 0f85 ab00 | 0000 e805 | 0000 00e9 | 9900 0000 | 488b d348 | 8d44 2408 | 4c89 6dc0 | 498b cfc5 
  0x0000022132e5cec0: f877 4989 | afb0 0300 | 0049 8987 | a003 0000 | 4883 ec20 | 40f6 c40f | 0f84 1900 | 0000 4883 
  0x0000022132e5cee0: ec08 48b8 | a036 40c2 | fd7f 0000 | ffd0 4883 | c408 e90c | 0000 0048 | b8a0 3640 | c2fd 7f00 
  0x0000022132e5cf00: 00ff d048 | 83c4 2049 | c787 a003 | 0000 0000 | 0000 49c7 | 87b0 0300 | 0000 0000 | 0049 c787 
  0x0000022132e5cf20: a803 0000 | 0000 0000 | c5f8 7749 | 837f 0800 | 0f84 0500 | 0000 e9c5 | 3fff ff4c | 8b6d c04c 
  0x0000022132e5cf40: 8b75 c84e | 8d74 f500 | c348 8b5d | e848 8b43 | 5849 8d8f | c003 0000 | c5f8 7749 | 89af b003 
  0x0000022132e5cf60: 0000 49ba | 58cf e532 | 2102 0000 | 4d89 97a8 | 0300 0049 | 89a7 a003 | 0000 41c7 | 8754 0400 
  0x0000022132e5cf80: 0004 0000 | 00ff d0c5 | f877 4883 | ec10 c5fb | 1104 2448 | 83ec 1048 | 8904 2448 | c744 2408 
  0x0000022132e5cfa0: 0000 0000 | 41c7 8754 | 0400 0005 | 0000 00f0 | 8344 24c0 | 0049 3baf | 5804 0000 | 0f87 0e00 
  0x0000022132e5cfc0: 0000 4183 | bf50 0400 | 0000 0f84 | 2000 0000 | 498b cf4c | 8be4 4883 | ec20 4883 | e4f0 48b8 
  0x0000022132e5cfe0: d08b 41c2 | fd7f 0000 | ffd0 498b | e44d 33e4 | 41c7 8754 | 0400 0008 | 0000 0049 | c787 a003 
  0x0000022132e5d000: 0000 0000 | 0000 49c7 | 87b0 0300 | 0000 0000 | 0049 c787 | a803 0000 | 0000 0000 | c5f8 774d 
  0x0000022132e5d020: 8b9f 3004 | 0000 41c7 | 8300 0100 | 0000 0000 | 0049 bbda | a4e5 3221 | 0200 004c | 3b5d 180f 
  0x0000022132e5d040: 8524 0200 | 0048 8b04 | 2448 83c4 | 1048 85c0 | 0f84 fe01 | 0000 a803 | 0f85 0800 | 0000 488b 
  0x0000022132e5d060: 00e9 ee01 | 0000 a801 | 0f85 0900 | 0000 488b | 40fe e9dd | 0100 0048 | 8b40 ff41 | 807f 3800 
  0x0000022132e5d080: 0f84 ce01 | 0000 4883 | f800 0f84 | c401 0000 | 4d8b 5f28 | 4983 fb00 | 0f84 1400 | 0000 4983 
  0x0000022132e5d0a0: eb08 4d89 | 5f28 4d03 | 5f30 4989 | 03e9 a201 | 0000 4881 | ecd0 0000 | 0048 8904 | 2448 894c 
  0x0000022132e5d0c0: 2408 4889 | 5424 1048 | 8974 2418 | 4889 7c24 | 204c 8944 | 2428 4c89 | 4c24 304c | 8954 2438 
  0x0000022132e5d0e0: 4c89 5c24 | 40c5 fb11 | 4424 50c5 | fb11 4c24 | 58c5 fb11 | 5424 60c5 | fb11 5c24 | 68c5 fb11 
  0x0000022132e5d100: 6424 70c5 | fb11 6c24 | 78c5 fb11 | b424 8000 | 0000 c5fb | 11bc 2488 | 0000 00c5 | 7b11 8424 
  0x0000022132e5d120: 9000 0000 | c57b 118c | 2498 0000 | 00c5 7b11 | 9424 a000 | 0000 c57b | 119c 24a8 | 0000 00c5 
  0x0000022132e5d140: 7b11 a424 | b000 0000 | c57b 11ac | 24b8 0000 | 00c5 7b11 | b424 c000 | 0000 c57b | 11bc 24c8 
  0x0000022132e5d160: 0000 0049 | 8bd7 488b | c848 83ec | 2040 f6c4 | 0f0f 8419 | 0000 0048 | 83ec 0848 | b800 b634 
  0x0000022132e5d180: c2fd 7f00 | 00ff d048 | 83c4 08e9 | 0c00 0000 | 48b8 00b6 | 34c2 fd7f | 0000 ffd0 | 4883 c420 
  0x0000022132e5d1a0: c57b 10bc | 24c8 0000 | 00c5 7b10 | b424 c000 | 0000 c57b | 10ac 24b8 | 0000 00c5 | 7b10 a424 
  0x0000022132e5d1c0: b000 0000 | c57b 109c | 24a8 0000 | 00c5 7b10 | 9424 a000 | 0000 c57b | 108c 2498 | 0000 00c5 
  0x0000022132e5d1e0: 7b10 8424 | 9000 0000 | c5fb 10bc | 2488 0000 | 00c5 fb10 | b424 8000 | 0000 c5fb | 106c 2478 
  0x0000022132e5d200: c5fb 1064 | 2470 c5fb | 105c 2468 | c5fb 1054 | 2460 c5fb | 104c 2458 | c5fb 1044 | 2450 4c8b 
  0x0000022132e5d220: 5c24 404c | 8b54 2438 | 4c8b 4c24 | 304c 8b44 | 2428 488b | 7c24 2048 | 8b74 2418 | 488b 5424 
  0x0000022132e5d240: 1048 8b4c | 2408 488b | 0424 4881 | c4d0 0000 | 00c5 f877 | 4889 4510 | 4883 ec10 | 4889 0424 
  0x0000022132e5d260: 48c7 4424 | 0800 0000 | 0041 83bf | d004 0000 | 020f 85bf | 0000 0048 | 81ec 8000 | 0000 4889 
  0x0000022132e5d280: 4424 7848 | 894c 2470 | 4889 5424 | 6848 895c | 2460 4889 | 6c24 5048 | 8974 2448 | 4889 7c24 
  0x0000022132e5d2a0: 404c 8944 | 2438 4c89 | 4c24 304c | 8954 2428 | 4c89 5c24 | 204c 8964 | 2418 4c89 | 6c24 104c 
  0x0000022132e5d2c0: 8974 2408 | 4c89 3c24 | 4c8b e448 | 83ec 2048 | 83e4 f048 | b890 7e77 | c2fd 7f00 | 00ff d049 
  0x0000022132e5d2e0: 8be4 4c8b | 3c24 4c8b | 7424 084c | 8b6c 2410 | 4c8b 6424 | 184c 8b5c | 2420 4c8b | 5424 284c 
  0x0000022132e5d300: 8b4c 2430 | 4c8b 4424 | 3848 8b7c | 2440 488b | 7424 4848 | 8b6c 2450 | 488b 5c24 | 6048 8b54 
  0x0000022132e5d320: 2468 488b | 4c24 7048 | 8b44 2478 | 4881 c480 | 0000 004d | 33e4 488b | 5de8 4c8b | 6b08 4d8d 
  0x0000022132e5d340: 6d38 4983 | 7f08 000f | 84bb 0000 | 00e8 0500 | 0000 e996 | 0000 0048 | 8d44 2408 | 4c89 6dc0 
  0x0000022132e5d360: 498b cfc5 | f877 4989 | afb0 0300 | 0049 8987 | a003 0000 | 4883 ec20 | 40f6 c40f | 0f84 1900 
  0x0000022132e5d380: 0000 4883 | ec08 48b8 | f054 40c2 | fd7f 0000 | ffd0 4883 | c408 e90c | 0000 0048 | b8f0 5440 
  0x0000022132e5d3a0: c2fd 7f00 | 00ff d048 | 83c4 2049 | c787 a003 | 0000 0000 | 0000 49c7 | 87b0 0300 | 0000 0000 
  0x0000022132e5d3c0: 0049 c787 | a803 0000 | 0000 0000 | c5f8 7749 | 837f 0800 | 0f84 0500 | 0000 e921 | 3bff ff4c 
  0x0000022132e5d3e0: 8b6d c04c | 8b75 c84e | 8d74 f500 | c348 b978 | b1a3 c2fd | 7f00 0048 | 83e4 f048 | b8a0 fe65 
  0x0000022132e5d400: c2fd 7f00 | 00ff d0f4 | 448b 5b28 | 41f6 c320 | 0f84 4401 | 0000 488d | 55a8 4c8b | 5a08 4d85 
  0x0000022132e5d420: db0f 85bb | 0000 00e8 | 0500 0000 | e996 0000 | 0048 8d44 | 2408 4c89 | 6dc0 498b | cfc5 f877 
  0x0000022132e5d440: 4989 afb0 | 0300 0049 | 8987 a003 | 0000 4883 | ec20 40f6 | c40f 0f84 | 1900 0000 | 4883 ec08 
  0x0000022132e5d460: 48b8 2054 | 40c2 fd7f | 0000 ffd0 | 4883 c408 | e90c 0000 | 0048 b820 | 5440 c2fd | 7f00 00ff 
  0x0000022132e5d480: d048 83c4 | 2049 c787 | a003 0000 | 0000 0000 | 49c7 87b0 | 0300 0000 | 0000 0049 | c787 a803 
  0x0000022132e5d4a0: 0000 0000 | 0000 c5f8 | 7749 837f | 0800 0f84 | 0500 0000 | e947 3aff | ff4c 8b6d | c04c 8b75 
  0x0000022132e5d4c0: c84e 8d74 | f500 c348 | b978 b1a3 | c2fd 7f00 | 0048 83e4 | f048 b8a0 | fe65 c2fd | 7f00 00ff 
  0x0000022132e5d4e0: d0f4 4c89 | 6dc0 488d | 024c 8b4a | 0848 c742 | 0800 0000 | 004c 8b00 | 4d85 c00f | 840b 0000 
  0x0000022132e5d500: 00f0 4d0f | b101 0f85 | 0c00 0000 | 49ff 8f58 | 0500 00e9 | 3e00 0000 | 4c89 4a08 | 488b ca48 
  0x0000022132e5d520: 83ec 2040 | f6c4 0f0f | 8419 0000 | 0048 83ec | 0848 b8a0 | 2640 c2fd | 7f00 00ff | d048 83c4 
  0x0000022132e5d540: 08e9 0c00 | 0000 48b8 | a026 40c2 | fd7f 0000 | ffd0 4883 | c420 4c8b | 6dc0 49ba | 4c84 cdc2 
  0x0000022132e5d560: fd7f 0000 | 4180 3a00 | 0f84 3e00 | 0000 488b | 55e8 498b | cf48 83ec | 2040 f6c4 | 0f0f 8419 
  0x0000022132e5d580: 0000 0048 | 83ec 0848 | b850 4677 | c2fd 7f00 | 00ff d048 | 83c4 08e9 | 0c00 0000 | 48b8 5046 
  0x0000022132e5d5a0: 77c2 fd7f | 0000 ffd0 | 4883 c420 | 488b 0424 | 4883 c410 | c5fb 1004 | 2448 83c4 | 104c 8b5d 
  0x0000022132e5d5c0: 1841 ffd3 | 4c8b 5df8 | c95f 498b | e3ff e7ba | 0000 0000 | e805 0000 | 00e9 9600 | 0000 488d 
  0x0000022132e5d5e0: 4424 084c | 896d c049 | 8bcf c5f8 | 7749 89af | b003 0000 | 4989 87a0 | 0300 0048 | 83ec 2040 
  0x0000022132e5d600: f6c4 0f0f | 8419 0000 | 0048 83ec | 0848 b860 | 1a40 c2fd | 7f00 00ff | d048 83c4 | 08e9 0c00 
  0x0000022132e5d620: 0000 48b8 | 601a 40c2 | fd7f 0000 | ffd0 4883 | c420 49c7 | 87a0 0300 | 0000 0000 | 0049 c787 
  0x0000022132e5d640: b003 0000 | 0000 0000 | 49c7 87a8 | 0300 0000 | 0000 00c5 | f877 4983 | 7f08 000f | 8405 0000 
  0x0000022132e5d660: 00e9 9a38 | ffff 4c8b | 6dc0 4c8b | 75c8 4e8d | 74f5 00c3 | 488b 5de8 | e95b f6ff | ff66 6690 
[/MachCode]

Compiled method (c1) 1732986 1757   !   3       java.awt.event.InvocationEvent::dispatch (69 bytes)
 total in heap  [0x000002212bcfda90,0x000002212bcfe460] = 2512
 relocation     [0x000002212bcfdbe8,0x000002212bcfdc78] = 144
 main code      [0x000002212bcfdc80,0x000002212bcfe248] = 1480
 stub code      [0x000002212bcfe248,0x000002212bcfe2b0] = 104
 metadata       [0x000002212bcfe2b0,0x000002212bcfe2b8] = 8
 scopes data    [0x000002212bcfe2b8,0x000002212bcfe310] = 88
 scopes pcs     [0x000002212bcfe310,0x000002212bcfe3b0] = 160
 dependencies   [0x000002212bcfe3b0,0x000002212bcfe3b8] = 8
 handler table  [0x000002212bcfe3b8,0x000002212bcfe448] = 144
 nul chk table  [0x000002212bcfe448,0x000002212bcfe460] = 24

[Constant Pool (empty)]

[MachCode]
[Entry Point]
  # {method} {0x000002214489c108} 'dispatch' '()V' in 'java/awt/event/InvocationEvent'
  #           [sp+0x40]  (sp of caller)
  0x000002212bcfdc80: 448b 5208 

  0x000002212bcfdc84: ;   {runtime_call ic_miss_stub}
  0x000002212bcfdc84: 4c3b d00f | 85f3 0a1a | 0766 6666 | 0f1f 8400 | 0000 0000 | 6666 6690 | 0f1f 4000 
[Verified Entry Point]
  0x000002212bcfdca0: 8984 2400 | 80ff ff55 | 4883 ec30 | 4181 7f20 | 0800 0000 

  0x000002212bcfdcb4: ;   {runtime_call StubRoutines (final stubs)}
  0x000002212bcfdcb4: 7405 e845 | 7018 0748 | 8954 2418 

  0x000002212bcfdcc0: ;   {metadata(method data for {method} {0x000002214489c108} 'dispatch' '()V' in 'java/awt/event/InvocationEvent')}
  0x000002212bcfdcc0: 48be 6883 | 1345 2102 | 0000 8bbe | cc00 0000 | 83c7 0289 | becc 0000 | 0081 e7fe | 0700 0085 
  0x000002212bcfdce0: ff0f 847f | 0400 000f | be72 2985 

  0x000002212bcfdcec: ;   {metadata(method data for {method} {0x000002214489c108} 'dispatch' '()V' in 'java/awt/event/InvocationEvent')}
  0x000002212bcfdcec: f648 be68 | 8313 4521 | 0200 0048 | c7c7 1801 | 0000 7407 | 48c7 c728 | 0100 0048 | 8b1c 3e48 
  0x000002212bcfdd0c: 8d5b 0148 | 891c 3e0f | 84c5 0000 | 008b 722c | 48c1 e603 

  0x000002212bcfdd20: ; implicit exception: dispatches to 0x000002212bcfe187
  0x000002212bcfdd20: 483b 0648 

  0x000002212bcfdd24: ;   {metadata(method data for {method} {0x000002214489c108} 'dispatch' '()V' in 'java/awt/event/InvocationEvent')}
  0x000002212bcfdd24: 8bfe 48bb | 6883 1345 | 2102 0000 | 8b7f 0848 | 3bbb 4001 | 0000 750d | 4883 8348 | 0100 0001 
  0x000002212bcfdd44: e960 0000 | 0048 3bbb | 5001 0000 | 750d 4883 | 8358 0100 | 0001 e94a | 0000 0048 | 83bb 4001 
  0x000002212bcfdd64: 0000 0075 | 1748 89bb | 4001 0000 | 48c7 8348 | 0100 0001 | 0000 00e9 | 2900 0000 | 4883 bb50 
  0x000002212bcfdd84: 0100 0000 | 7517 4889 | bb50 0100 | 0048 c783 | 5801 0000 | 0100 0000 | e908 0000 | 0048 8383 
  0x000002212bcfdda4: 3801 0000 | 0148 8bd6 | 9048 b8ff | ffff ffff 

  0x000002212bcfddb4: ;   {virtual_call}
  0x000002212bcfddb4: ffff ffe8 

  0x000002212bcfddb8: ; ImmutableOopMap {[24]=Oop }
                      ;*invokeinterface run {reexecute=0 rethrow=0 return_oop=0}
                      ; - java.awt.event.InvocationEvent::dispatch@11 (line 308)
  0x000002212bcfddb8: c40f 1a07 

  0x000002212bcfddbc: ;   {other}
  0x000002212bcfddbc: 0f1f 8400 | 2c03 0000 

  0x000002212bcfddc4: ;   {metadata(method data for {method} {0x000002214489c108} 'dispatch' '()V' in 'java/awt/event/InvocationEvent')}
  0x000002212bcfddc4: 48ba 6883 | 1345 2102 | 0000 ff82 | 6801 0000 | 488b 5424 | 18e9 e002 | 0000 8b72 | 2c48 c1e6 
  0x000002212bcfdde4: 0348 3b06 

  0x000002212bcfdde8: ;   {metadata(method data for {method} {0x000002214489c108} 'dispatch' '()V' in 'java/awt/event/InvocationEvent')}
  0x000002212bcfdde8: 488b fe48 | bb68 8313 | 4521 0200 | 008b 7f08 | 483b bb20 | 0200 0075 | 0d48 8383 | 2802 0000 
  0x000002212bcfde08: 01e9 6000 | 0000 483b | bb30 0200 | 0075 0d48 | 8383 3802 | 0000 01e9 | 4a00 0000 | 4883 bb20 
  0x000002212bcfde28: 0200 0000 | 7517 4889 | bb20 0200 | 0048 c783 | 2802 0000 | 0100 0000 | e929 0000 | 0048 83bb 
  0x000002212bcfde48: 3002 0000 | 0075 1748 | 89bb 3002 | 0000 48c7 | 8338 0200 | 0001 0000 | 00e9 0800 | 0000 4883 
  0x000002212bcfde68: 8318 0200 | 0001 488b | d60f 1f40 | 0048 b8b0 | 2f7c 4921 

  0x000002212bcfde7c: ;   {virtual_call}
  0x000002212bcfde7c: 0200 00e8 

  0x000002212bcfde80: ; ImmutableOopMap {[24]=Oop }
                      ;*invokeinterface run {reexecute=0 rethrow=0 return_oop=0}
                      ; - java.awt.event.InvocationEvent::dispatch@47 (line 318)
  0x000002212bcfde80: fc27 2707 

  0x000002212bcfde84: ;   {other}
  0x000002212bcfde84: 0f1f 8400 | f403 0001 | 488b 5424 | 18e9 2802 | 0000 498b | 8708 0500 | 004d 33d2 | 4d89 9708 
  0x000002212bcfdea4: 0500 004d | 33d2 4d89 | 9710 0500 | 0048 85c0 

  0x000002212bcfdeb4: ;   {metadata(method data for {method} {0x000002214489c108} 'dispatch' '()V' in 'java/awt/event/InvocationEvent')}
  0x000002212bcfdeb4: 48be 6883 | 1345 2102 | 0000 750c | 808e 7901 | 0000 01e9 | 9500 0000 | 8b78 0848 | 3bbe 8801 
  0x000002212bcfded4: 0000 750d | 4883 8690 | 0100 0001 | e960 0000 | 0048 3bbe | 9801 0000 | 750d 4883 | 86a0 0100 
  0x000002212bcfdef4: 0001 e94a | 0000 0048 | 83be 8801 | 0000 0075 | 1748 89be | 8801 0000 | 48c7 8690 | 0100 0001 
  0x000002212bcfdf14: 0000 00e9 | 2900 0000 | 4883 be98 | 0100 0000 | 7517 4889 | be98 0100 | 0048 c786 | a001 0000 
  0x000002212bcfdf34: 0100 0000 | e908 0000 | 0048 8386 | 8001 0000 

  0x000002212bcfdf44: ;   {metadata('java/lang/Exception')}
  0x000002212bcfdf44: 0148 bf48 | 3804 9900 | 0000 008b | 7008 483b | 7e40 0f85 | 0500 0000 | e905 0000 | 004d 33c0 
  0x000002212bcfdf64: eb07 49c7 | c001 0000 | 0045 85c0 

  0x000002212bcfdf70: ;   {metadata(method data for {method} {0x000002214489c108} 'dispatch' '()V' in 'java/awt/event/InvocationEvent')}
  0x000002212bcfdf70: 49b8 6883 | 1345 2102 | 0000 48c7 | c2b0 0100 | 0074 0748 | c7c2 c001 | 0000 498b | 3410 488d 
  0x000002212bcfdf90: 7601 4989 | 3410 488b | 5424 180f | 84df 0000 | 0048 85c0 

  0x000002212bcfdfa4: ;   {metadata(method data for {method} {0x000002214489c108} 'dispatch' '()V' in 'java/awt/event/InvocationEvent')}
  0x000002212bcfdfa4: 48bf 6883 | 1345 2102 | 0000 750c | 808f c901 | 0000 01e9 | 9500 0000 | 8b58 0848 | 3b9f d801 
  0x000002212bcfdfc4: 0000 750d | 4883 87e0 | 0100 0001 | e960 0000 | 0048 3b9f | e801 0000 | 750d 4883 | 87f0 0100 
  0x000002212bcfdfe4: 0001 e94a | 0000 0048 | 83bf d801 | 0000 0075 | 1748 899f | d801 0000 | 48c7 87e0 | 0100 0001 
  0x000002212bcfe004: 0000 00e9 | 2900 0000 | 4883 bfe8 | 0100 0000 | 7517 4889 | 9fe8 0100 | 0048 c787 | f001 0000 
  0x000002212bcfe024: 0100 0000 | e908 0000 | 0048 8387 | d001 0000 

  0x000002212bcfe034: ;   {metadata('java/lang/Exception')}
  0x000002212bcfe034: 0148 bb48 | 3804 9900 | 0000 008b | 7808 483b | 5f40 0f85 | 4501 0000 | e900 0000 | 004c 8bc0 
  0x000002212bcfe054: 410f be77 | 3885 f60f | 8539 0100 | 004d 8bd0 | 49c1 ea03 | 4489 5238 | 488b f249 | 33f0 48c1 
  0x000002212bcfe074: ee15 4883 | fe00 0f85 | 3901 0000 | 450f be47 | 3845 85c0 | 0f85 4301 | 0000 4c8b | d049 c1ea 
  0x000002212bcfe094: 0344 8952 | 3c4c 8bc2 | 4c33 c049 | c1e8 1549 | 83f8 000f | 8544 0100 

  0x000002212bcfe0ac: ;   {metadata(method data for {method} {0x000002214489c108} 'dispatch' '()V' in 'java/awt/event/InvocationEvent')}
  0x000002212bcfe0ac: 0049 b868 | 8313 4521 | 0200 0041 | ff80 0002 | 0000 4c8b 

  0x000002212bcfe0c0: ;   {metadata(method data for {method} {0x000002214489c108} 'dispatch' '()V' in 'java/awt/event/InvocationEvent')}
  0x000002212bcfe0c0: c248 be68 | 8313 4521 | 0200 0048 | 8386 4802 | 0000 0141 | b801 0000 | 0066 0f1f 

  0x000002212bcfe0dc: ;   {optimized virtual_call}
  0x000002212bcfe0dc: 4400 00e8 

  0x000002212bcfe0e0: ; ImmutableOopMap {}
                      ;*invokevirtual finishedDispatching {reexecute=0 rethrow=0 return_oop=0}
                      ; - java.awt.event.InvocationEvent::dispatch@54 (line 321)
  0x000002212bcfe0e0: 1cd0 1300 

  0x000002212bcfe0e4: ;   {other}
  0x000002212bcfe0e4: 0f1f 8400 | 5406 0002 

  0x000002212bcfe0ec: ;   {metadata(method data for {method} {0x000002214489c108} 'dispatch' '()V' in 'java/awt/event/InvocationEvent')}
  0x000002212bcfe0ec: 48b8 6883 | 1345 2102 | 0000 ff80 | 7802 0000 | 4883 c430 

  0x000002212bcfe100: ;   {poll_return}
  0x000002212bcfe100: 5d49 3ba7 | 5804 0000 | 0f87 fb00 | 0000 c348 | 8b54 2418 | 498b 8708 | 0500 004d | 33d2 4d89 
  0x000002212bcfe120: 9708 0500 | 004d 33d2 | 4d89 9710 | 0500 004c 

  0x000002212bcfe130: ;   {metadata(method data for {method} {0x000002214489c108} 'dispatch' '()V' in 'java/awt/event/InvocationEvent')}
  0x000002212bcfe130: 8bc2 48be | 6883 1345 | 2102 0000 | 4883 8690 | 0200 0001 | 41b8 0100 | 0000 4889 

  0x000002212bcfe14c: ;   {optimized virtual_call}
  0x000002212bcfe14c: 4424 20e8 

  0x000002212bcfe150: ; ImmutableOopMap {[32]=Oop }
                      ;*invokevirtual finishedDispatching {reexecute=0 rethrow=0 return_oop=0}
                      ; - java.awt.event.InvocationEvent::dispatch@63 (line 321)
  0x000002212bcfe150: accf 1300 

  0x000002212bcfe154: ;   {other}
  0x000002212bcfe154: 0f1f 8400 | c406 0003 | 488b 4424 | 20e9 d600 

  0x000002212bcfe164: ;   {metadata({method} {0x000002214489c108} 'dispatch' '()V' in 'java/awt/event/InvocationEvent')}
  0x000002212bcfe164: 0000 49ba | 00c1 8944 | 2102 0000 | 4c89 5424 | 0848 c704 | 24ff ffff 

  0x000002212bcfe17c: ;   {runtime_call counter_overflow Runtime1 stub}
  0x000002212bcfe17c: ffe8 7e73 

  0x000002212bcfe180: ; ImmutableOopMap {rdx=Oop [24]=Oop }
                      ;*synchronization entry
                      ; - java.awt.event.InvocationEvent::dispatch@-1 (line 306)
  0x000002212bcfe180: 2607 e960 

  0x000002212bcfe184: ;   {runtime_call throw_null_pointer_exception Runtime1 stub}
  0x000002212bcfe184: fbff ffe8 

  0x000002212bcfe188: ; ImmutableOopMap {rdx=Oop rsi=Oop [24]=Oop }
                      ;*invokeinterface run {reexecute=0 rethrow=0 return_oop=0}
                      ; - java.awt.event.InvocationEvent::dispatch@11 (line 308)
  0x000002212bcfe188: 7422 2607 

  0x000002212bcfe18c: ;   {runtime_call throw_null_pointer_exception Runtime1 stub}
  0x000002212bcfe18c: e86f 2226 

  0x000002212bcfe190: ; ImmutableOopMap {rdx=Oop rsi=Oop [24]=Oop }
                      ;*invokeinterface run {reexecute=0 rethrow=0 return_oop=0}
                      ; - java.awt.event.InvocationEvent::dispatch@47 (line 318)
  0x000002212bcfe190: 0748 8904 

  0x000002212bcfe194: ;   {runtime_call throw_class_cast_exception Runtime1 stub}
  0x000002212bcfe194: 24e8 6646 

  0x000002212bcfe198: ; ImmutableOopMap {rax=Oop rdx=Oop [24]=Oop }
                      ;*checkcast {reexecute=0 rethrow=0 return_oop=0}
                      ; - java.awt.event.InvocationEvent::dispatch@29 (line 312)
  0x000002212bcfe198: 2607 8b72 | 3848 c1e6 | 0348 83fe | 000f 84b6 | feff ff48 

  0x000002212bcfe1ac: ;   {runtime_call g1_pre_barrier_slow}
  0x000002212bcfe1ac: 8934 24e8 | 4c79 2607 | e9a8 feff | ff49 83f8 | 000f 84bd | feff ff48 

  0x000002212bcfe1c4: ;   {runtime_call g1_post_barrier_slow}
  0x000002212bcfe1c4: 8914 24e8 | 347c 2607 | e9af feff | ff44 8b42 | 3c49 c1e0 | 0349 83f8 | 000f 84ab | feff ff4c 
  0x000002212bcfe1e4: ;   {runtime_call g1_pre_barrier_slow}
  0x000002212bcfe1e4: 8904 24e8 | 1479 2607 | e99d feff | ff48 83f8 | 000f 84b2 | feff ff48 

  0x000002212bcfe1fc: ;   {runtime_call g1_post_barrier_slow}
  0x000002212bcfe1fc: 8914 24e8 | fc7b 2607 | e9a4 feff 

  0x000002212bcfe208: ;   {internal_word}
  0x000002212bcfe208: ff49 ba01 | e1cf 2b21 | 0200 004d | 8997 7004 

  0x000002212bcfe218: ;   {runtime_call SafepointBlob}
  0x000002212bcfe218: 0000 e9e1 | 741a 0749 | 8b87 0805 | 0000 49c7 | 8708 0500 | 0000 0000 | 0049 c787 | 1005 0000 
  0x000002212bcfe238: 0000 0000 | 4883 c430 

  0x000002212bcfe240: ;   {runtime_call unwind_exception Runtime1 stub}
  0x000002212bcfe240: 5de9 ba12 | 2607 f4f4 
[Stub Code]
  0x000002212bcfe248: ;   {no_reloc}
  0x000002212bcfe248: 0f1f 4400 

  0x000002212bcfe24c: ;   {static_stub}
  0x000002212bcfe24c: 0048 bb00 | 0000 0000 

  0x000002212bcfe254: ;   {runtime_call}
  0x000002212bcfe254: 0000 00e9 | fbff ffff 

  0x000002212bcfe25c: ;   {static_stub}
  0x000002212bcfe25c: 9048 bb00 | 0000 0000 

  0x000002212bcfe264: ;   {runtime_call}
  0x000002212bcfe264: 0000 00e9 | fbff ffff 

  0x000002212bcfe26c: ;   {static_stub}
  0x000002212bcfe26c: 48bb 00c5 | 8944 2102 

  0x000002212bcfe274: ;   {runtime_call I2C/C2I adapters}
  0x000002212bcfe274: 0000 e9df 

  0x000002212bcfe278: ;   {runtime_call handle_exception_from_callee Runtime1 stub}
  0x000002212bcfe278: 5a1a 07e8 | 803f 2607 

  0x000002212bcfe280: ;   {external_word}
  0x000002212bcfe280: 48b9 78b1 | a3c2 fd7f | 0000 4883 

  0x000002212bcfe28c: ;   {runtime_call}
  0x000002212bcfe28c: e4f0 48b8 | a0fe 65c2 | fd7f 0000 

  0x000002212bcfe298: ;   {section_word}
  0x000002212bcfe298: ffd0 f449 | ba9b e2cf | 2b21 0200 

  0x000002212bcfe2a4: ;   {runtime_call DeoptimizationBlob}
  0x000002212bcfe2a4: 0041 52e9 | f466 1a07 | f4f4 f4f4 
[/MachCode]


Compiled method (c1) 1733016 1491       3       java.awt.EventQueue::dispatchEventImpl (139 bytes)
 total in heap  [0x000002212bc73710,0x000002212bc76198] = 10888
 relocation     [0x000002212bc73868,0x000002212bc73b10] = 680
 main code      [0x000002212bc73b20,0x000002212bc75858] = 7480
 stub code      [0x000002212bc75858,0x000002212bc75968] = 272
 oops           [0x000002212bc75968,0x000002212bc75978] = 16
 metadata       [0x000002212bc75978,0x000002212bc75a48] = 208
 scopes data    [0x000002212bc75a48,0x000002212bc75c68] = 544
 scopes pcs     [0x000002212bc75c68,0x000002212bc76038] = 976
 dependencies   [0x000002212bc76038,0x000002212bc76058] = 32
 handler table  [0x000002212bc76058,0x000002212bc76118] = 192
 nul chk table  [0x000002212bc76118,0x000002212bc76198] = 128

[Constant Pool (empty)]

[MachCode]
[Entry Point]
  # {method} {0x0000022144692788} 'dispatchEventImpl' '(Ljava/awt/AWTEvent;Ljava/lang/Object;)V' in 'java/awt/EventQueue'
  # this:     rdx:rdx   = 'java/awt/EventQueue'
  # parm0:    r8:r8     = 'java/awt/AWTEvent'
  # parm1:    r9:r9     = 'java/lang/Object'
  #           [sp+0xe0]  (sp of caller)
  0x000002212bc73b20: 448b 5208 

  0x000002212bc73b24: ;   {runtime_call ic_miss_stub}
  0x000002212bc73b24: 4c3b d00f | 8553 ac22 | 0766 6666 | 0f1f 8400 | 0000 0000 | 6666 6690 | 0f1f 4000 
[Verified Entry Point]
  0x000002212bc73b40: 8984 2400 | 80ff ff55 | 4881 ecd0 | 0000 0090 | 4181 7f20 | 0800 0000 

  0x000002212bc73b58: ;   {runtime_call StubRoutines (final stubs)}
  0x000002212bc73b58: 7405 e8a1 | 1121 074c | 8984 24a8 

  0x000002212bc73b64: ;   {metadata(method data for {method} {0x0000022144692788} 'dispatchEventImpl' '(Ljava/awt/AWTEvent;Ljava/lang/Object;)V' in 'java/awt/EventQueue')}
  0x000002212bc73b64: 0000 0048 | be38 def6 | 4421 0200 | 008b becc | 0000 0083 | c702 89be | cc00 0000 | 81e7 fe07 
  0x000002212bc73b84: 0000 85ff | 0f84 c118 | 0000 41c6 | 4016 014d 

  0x000002212bc73b94: ;   {metadata(method data for {method} {0x0000022144692788} 'dispatchEventImpl' '(Ljava/awt/AWTEvent;Ljava/lang/Object;)V' in 'java/awt/EventQueue')}
  0x000002212bc73b94: 85c0 48bb | 38de f644 | 2102 0000 | 750c 808b | 1101 0000 | 01e9 b100 | 0000 418b | 4008 483b 
  0x000002212bc73bb4: 8320 0100 | 0075 0d48 | 8383 2801 | 0000 01e9 | 6000 0000 | 483b 8330 | 0100 0075 | 0d48 8383 
  0x000002212bc73bd4: 3801 0000 | 01e9 4a00 | 0000 4883 | bb20 0100 | 0000 7517 | 4889 8320 | 0100 0048 | c783 2801 
  0x000002212bc73bf4: 0000 0100 | 0000 e929 | 0000 0048 | 83bb 3001 | 0000 0075 | 1748 8983 | 3001 0000 | 48c7 8338 
  0x000002212bc73c14: 0100 0001 | 0000 00e9 | 0800 0000 | 4883 8318 | 0100 0001 

  0x000002212bc73c28: ;   {metadata('java/awt/ActiveEvent')}
  0x000002212bc73c28: 48b8 50e6 | 0e99 0000 | 0000 418b | 5808 483b | 4320 0f84 | 2400 0000 | 483b d80f | 841b 0000 
  0x000002212bc73c48: ;   {runtime_call slow_subtype_check Runtime1 stub}
  0x000002212bc73c48: 0053 50e8 | b0f1 2e07 | 5b5b 85db | 0f84 0500 | 0000 e905 | 0000 0048 | 33f6 eb07 | 48c7 c601 
  0x000002212bc73c68: 0000 0085 

  0x000002212bc73c6c: ;   {metadata(method data for {method} {0x0000022144692788} 'dispatchEventImpl' '(Ljava/awt/AWTEvent;Ljava/lang/Object;)V' in 'java/awt/EventQueue')}
  0x000002212bc73c6c: f648 be38 | def6 4421 | 0200 0048 | c7c7 5801 | 0000 7507 | 48c7 c748 | 0100 0048 | 8b1c 3e48 
  0x000002212bc73c8c: 8d5b 0148 | 891c 3e0f | 85fa 1300 | 004d 85c9 

  0x000002212bc73c9c: ;   {metadata(method data for {method} {0x0000022144692788} 'dispatchEventImpl' '(Ljava/awt/AWTEvent;Ljava/lang/Object;)V' in 'java/awt/EventQueue')}
  0x000002212bc73c9c: 48bb 38de | f644 2102 | 0000 750c | 808b 0902 | 0000 01e9 | 9700 0000 | 418b 4108 | 483b 8318 
  0x000002212bc73cbc: 0200 0075 | 0d48 8383 | 2002 0000 | 01e9 6000 | 0000 483b | 8328 0200 | 0075 0d48 | 8383 3002 
  0x000002212bc73cdc: 0000 01e9 | 4a00 0000 | 4883 bb18 | 0200 0000 | 7517 4889 | 8318 0200 | 0048 c783 | 2002 0000 
  0x000002212bc73cfc: 0100 0000 | e929 0000 | 0048 83bb | 2802 0000 | 0075 1748 | 8983 2802 | 0000 48c7 | 8330 0200 
  0x000002212bc73d1c: 0001 0000 | 00e9 0800 | 0000 4883 | 8310 0200 

  0x000002212bc73d2c: ;   {metadata('java/awt/Component')}
  0x000002212bc73d2c: 0001 48b8 | 98cb 0b99 | 0000 0000 | 418b 5908 | 483b 4338 | 0f85 0500 | 0000 e905 | 0000 0048 
  0x000002212bc73d4c: 33f6 eb07 | 48c7 c601 | 0000 0085 

  0x000002212bc73d58: ;   {metadata(method data for {method} {0x0000022144692788} 'dispatchEventImpl' '(Ljava/awt/AWTEvent;Ljava/lang/Object;)V' in 'java/awt/EventQueue')}
  0x000002212bc73d58: f648 be38 | def6 4421 | 0200 0048 | c7c7 4002 | 0000 7407 | 48c7 c750 | 0200 0048 | 8b1c 3e48 
  0x000002212bc73d78: 8d5b 0148 | 891c 3e0f | 8494 0500 | 004d 85c9 

  0x000002212bc73d88: ;   {metadata(method data for {method} {0x0000022144692788} 'dispatchEventImpl' '(Ljava/awt/AWTEvent;Ljava/lang/Object;)V' in 'java/awt/EventQueue')}
  0x000002212bc73d88: 48bf 38de | f644 2102 | 0000 750c | 808f 5902 | 0000 01e9 | 9700 0000 | 418b 5908 | 483b 9f68 
  0x000002212bc73da8: 0200 0075 | 0d48 8387 | 7002 0000 | 01e9 6000 | 0000 483b | 9f78 0200 | 0075 0d48 | 8387 8002 
  0x000002212bc73dc8: 0000 01e9 | 4a00 0000 | 4883 bf68 | 0200 0000 | 7517 4889 | 9f68 0200 | 0048 c787 | 7002 0000 
  0x000002212bc73de8: 0100 0000 | e929 0000 | 0048 83bf | 7802 0000 | 0075 1748 | 899f 7802 | 0000 48c7 | 8780 0200 
  0x000002212bc73e08: 0001 0000 | 00e9 0800 | 0000 4883 | 8760 0200 

  0x000002212bc73e18: ;   {metadata('java/awt/Component')}
  0x000002212bc73e18: 0001 48bb | 98cb 0b99 | 0000 0000 | 418b 7908 | 483b 5f38 | 0f85 4316 | 0000 e900 | 0000 0049 
  0x000002212bc73e38: 8bd1 483b | 0248 8bf2 

  0x000002212bc73e40: ;   {metadata(method data for {method} {0x0000022144692788} 'dispatchEventImpl' '(Ljava/awt/AWTEvent;Ljava/lang/Object;)V' in 'java/awt/EventQueue')}
  0x000002212bc73e40: 48bf 38de | f644 2102 | 0000 4883 | 8790 0200 

  0x000002212bc73e50: ;   {metadata(method data for {method} {0x00000221447369f0} 'dispatchEvent' '(Ljava/awt/AWTEvent;)V' in 'java/awt/Component')}
  0x000002212bc73e50: 0001 48be | 90e6 f644 | 2102 0000 | 8bbe cc00 | 0000 83c7 | 0289 becc | 0000 0081 | e7fe ff1f 
  0x000002212bc73e70: 0085 ff0f | 840a 1600 | 0048 8bf2 

  0x000002212bc73e7c: ;   {metadata(method data for {method} {0x00000221447369f0} 'dispatchEvent' '(Ljava/awt/AWTEvent;)V' in 'java/awt/Component')}
  0x000002212bc73e7c: 48bf 90e6 | f644 2102 | 0000 8b76 | 0848 3bb7 | 2001 0000 | 750d 4883 | 8728 0100 | 0001 e960 
  0x000002212bc73e9c: 0000 0048 | 3bb7 3001 | 0000 750d | 4883 8738 | 0100 0001 | e94a 0000 | 0048 83bf | 2001 0000 
  0x000002212bc73ebc: 0075 1748 | 89b7 2001 | 0000 48c7 | 8728 0100 | 0001 0000 | 00e9 2900 | 0000 4883 | bf30 0100 
  0x000002212bc73edc: 0000 7517 | 4889 b730 | 0100 0048 | c787 3801 | 0000 0100 | 0000 e908 | 0000 0048 | 8387 1801 
  0x000002212bc73efc: 0000 0149 | 8bf0 4c8b | c648 b8ff | ffff ffff 

  0x000002212bc73f0c: ;   {virtual_call}
  0x000002212bc73f0c: ffff ffe8 

  0x000002212bc73f10: ; ImmutableOopMap {[168]=Oop }
                      ;*invokevirtual dispatchEventImpl {reexecute=0 rethrow=0 return_oop=0}
                      ; - java.awt.Component::dispatchEvent@2 (line 4828)
                      ; - java.awt.EventQueue::dispatchEventImpl@41 (line 775)
  0x000002212bc73f10: 7ccb 2f07 

  0x000002212bc73f14: ;   {other}
  0x000002212bc73f14: 0f1f 8400 | 0408 0000 | 4c8b 8424 | a800 0000 

  0x000002212bc73f24: ;   {metadata(method data for {method} {0x0000022144692788} 'dispatchEventImpl' '(Ljava/awt/AWTEvent;Ljava/lang/Object;)V' in 'java/awt/EventQueue')}
  0x000002212bc73f24: 48be 38de | f644 2102 | 0000 458b | 4008 4c3b | 86c8 0200 | 0075 0d48 | 8386 d002 | 0000 01e9 
  0x000002212bc73f44: 6000 0000 | 4c3b 86d8 | 0200 0075 | 0d48 8386 | e002 0000 | 01e9 4a00 | 0000 4883 | bec8 0200 
  0x000002212bc73f64: 0000 7517 | 4c89 86c8 | 0200 0048 | c786 d002 | 0000 0100 | 0000 e929 | 0000 0048 | 83be d802 
  0x000002212bc73f84: 0000 0075 | 174c 8986 | d802 0000 | 48c7 86e0 | 0200 0001 | 0000 00e9 | 0800 0000 | 4883 86c0 
  0x000002212bc73fa4: 0200 0001 

  0x000002212bc73fa8: ;   {metadata(method data for {method} {0x00000221447121d8} 'dispatched' '()V' in 'java/awt/AWTEvent')}
  0x000002212bc73fa8: 48be 20e8 | f644 2102 | 0000 8bbe | cc00 0000 | 83c7 0289 | becc 0000 | 0081 e7fe | ff1f 0085 
  0x000002212bc73fc8: ff0f 84d5 | 1400 004c | 8b84 24a8 | 0000 004d 

  0x000002212bc73fd8: ;   {metadata(method data for {method} {0x00000221447121d8} 'dispatched' '()V' in 'java/awt/AWTEvent')}
  0x000002212bc73fd8: 85c0 48bb | 20e8 f644 | 2102 0000 | 750c 808b | 1101 0000 | 01e9 9700 | 0000 418b | 4008 483b 
  0x000002212bc73ff8: 8320 0100 | 0075 0d48 | 8383 2801 | 0000 01e9 | 6000 0000 | 483b 8330 | 0100 0075 | 0d48 8383 
  0x000002212bc74018: 3801 0000 | 01e9 4a00 | 0000 4883 | bb20 0100 | 0000 7517 | 4889 8320 | 0100 0048 | c783 2801 
  0x000002212bc74038: 0000 0100 | 0000 e929 | 0000 0048 | 83bb 3001 | 0000 0075 | 1748 8983 | 3001 0000 | 48c7 8338 
  0x000002212bc74058: 0100 0001 | 0000 00e9 | 0800 0000 | 4883 8318 | 0100 0001 

  0x000002212bc7406c: ;   {metadata('java/awt/event/InputEvent')}
  0x000002212bc7406c: 48b8 40df | 0b99 0000 | 0000 418b | 5808 483b | 4350 0f85 | 0500 0000 | e905 0000 | 0048 33f6 
  0x000002212bc7408c: eb07 48c7 | c601 0000 

  0x000002212bc74094: ;   {metadata(method data for {method} {0x00000221447121d8} 'dispatched' '()V' in 'java/awt/AWTEvent')}
  0x000002212bc74094: 0085 f648 | be20 e8f6 | 4421 0200 | 0048 c7c7 | 4801 0000 | 7407 48c7 | c758 0100 | 0048 8b1c 
  0x000002212bc740b4: 3e48 8d5b | 0148 891c | 3e0f 8466 

  0x000002212bc740c0: ;   {metadata(method data for {method} {0x00000221447121d8} 'dispatched' '()V' in 'java/awt/AWTEvent')}
  0x000002212bc740c0: 1300 0048 | be20 e8f6 | 4421 0200 | 0048 8386 | 6801 0000 

  0x000002212bc740d4: ;   {metadata(method data for {method} {0x00000221446989b8} 'getInputEventAccessor' '()Lsun/awt/AWTAccessor$InputEventAccessor;' in 'sun/awt/AWTAccessor')}
  0x000002212bc740d4: 0148 be38 | eaf6 4421 | 0200 008b | becc 0000 | 0083 c702 | 89be cc00 | 0000 81e7 | feff 1f00 
  0x000002212bc740f4: 85ff 0f84 | c913 0000 

  0x000002212bc740fc: ;   {oop(a 'java/lang/Class'{0x0000000705343178} = 'sun/awt/AWTAccessor')}
  0x000002212bc740fc: 48be 7831 | 3405 0700 | 0000 8bb6 | 8400 0000 | 48c1 e603 

  0x000002212bc74110: ;   {metadata(method data for {method} {0x00000221446989b8} 'getInputEventAccessor' '()Lsun/awt/AWTAccessor$InputEventAccessor;' in 'sun/awt/AWTAccessor')}
  0x000002212bc74110: 4885 f648 | bf38 eaf6 | 4421 0200 | 0048 c7c3 | 1801 0000 | 7507 48c7 | c328 0100 | 0048 8b04 
  0x000002212bc74130: 1f48 8d40 | 0148 8904 | 1f0f 85b4 

  0x000002212bc7413c: ;   {metadata(method data for {method} {0x00000221446989b8} 'getInputEventAccessor' '()Lsun/awt/AWTAccessor$InputEventAccessor;' in 'sun/awt/AWTAccessor')}
  0x000002212bc7413c: 1100 0048 | be38 eaf6 | 4421 0200 | 0048 8386 | 3801 0000 

  0x000002212bc74150: ;   {metadata(method data for {method} {0x000002214469b178} 'ensureClassInitialized' '(Ljava/lang/Class;)V' in 'sun/awt/AWTAccessor')}
  0x000002212bc74150: 0148 bee8 | 0efa 4421 | 0200 008b | becc 0000 | 0083 c702 | 89be cc00 | 0000 81e7 | feff 1f00 
  0x000002212bc74170: 85ff 0f84 | 6e13 0000 

  0x000002212bc74178: ;   {metadata(method data for {method} {0x000002214469b178} 'ensureClassInitialized' '(Ljava/lang/Class;)V' in 'sun/awt/AWTAccessor')}
  0x000002212bc74178: 48be e80e | fa44 2102 | 0000 4883 | 8618 0100 

  0x000002212bc74188: ;   {metadata(method data for {method} {0x00000221442b2dc0} 'lookup' '()Ljava/lang/invoke/MethodHandles$Lookup;' in 'java/lang/invoke/MethodHandles')}
  0x000002212bc74188: 0001 48be | a010 fa44 | 2102 0000 | 8bbe cc00 | 0000 83c7 | 0289 becc | 0000 0081 | e7fe ff1f 
  0x000002212bc741a8: 0085 ff0f | 8456 1300 

  0x000002212bc741b0: ;   {metadata(method data for {method} {0x00000221442b2dc0} 'lookup' '()Ljava/lang/invoke/MethodHandles$Lookup;' in 'java/lang/invoke/MethodHandles')}
  0x000002212bc741b0: 0048 bea0 | 10fa 4421 | 0200 0048 | 8386 1801 | 0000 010f 

  0x000002212bc741c4: ;   {static_call}
  0x000002212bc741c4: 1f40 00e8 

  0x000002212bc741c8: ; ImmutableOopMap {[168]=Oop }
                      ;*invokestatic getCallerClass {reexecute=0 rethrow=0 return_oop=0}
                      ; - java.lang.invoke.MethodHandles::lookup@0 (line 127)
                      ; - sun.awt.AWTAccessor::ensureClassInitialized@0 (line 1489)
                      ; - sun.awt.AWTAccessor::getInputEventAccessor@10 (line 988)
                      ; - java.awt.AWTEvent::dispatched@7 (line 596)
                      ; - java.awt.EventQueue::dispatchEventImpl@45 (line 776)
  0x000002212bc741c8: b4ae 2207 

  0x000002212bc741cc: ;   {other}
  0x000002212bc741cc: 0f1f 8400 | bc0a 0001 | 4c8b c04d 

  0x000002212bc741d8: ;   {metadata(method data for {method} {0x00000221442b2dc0} 'lookup' '()Ljava/lang/invoke/MethodHandles$Lookup;' in 'java/lang/invoke/MethodHandles')}
  0x000002212bc741d8: 85c0 48ba | a010 fa44 | 2102 0000 | 48c7 c638 | 0100 0074 | 0748 c7c6 | 2801 0000 | 488b 3c32 
  0x000002212bc741f8: 488d 7f01 | 4889 3c32 | 0f84 5410 

  0x000002212bc74204: ;   {metadata('java/lang/invoke/MethodHandles$Lookup')}
  0x000002212bc74204: 0000 48ba | d082 0799 | 0000 0000 | 498b 87b8 | 0100 0048 | 8d78 2049 | 3bbf c801 | 0000 0f87 
  0x000002212bc74224: 0013 0000 | 4989 bfb8 | 0100 0048 | c700 0100 | 0000 488b | ca89 4808 | 4833 c989 | 480c 4833 
  0x000002212bc74244: c948 8948 | 1048 8948 | 184c 8bc8 

  0x000002212bc74250: ;   {metadata(method data for {method} {0x00000221442b2dc0} 'lookup' '()Ljava/lang/invoke/MethodHandles$Lookup;' in 'java/lang/invoke/MethodHandles')}
  0x000002212bc74250: 48bf a010 | fa44 2102 | 0000 4883 | 8758 0100 

  0x000002212bc74260: ;   {metadata(method data for {method} {0x00000221442c1a08} '<init>' '(Ljava/lang/Class;)V' in 'java/lang/invoke/MethodHandles$Lookup')}
  0x000002212bc74260: 0001 49b9 | 4012 fa44 | 2102 0000 | 418b b9cc | 0000 0083 | c702 4189 | b9cc 0000 | 0081 e7fe 
  0x000002212bc74280: ff1f 0085 | ff0f 84aa | 1200 004c 

  0x000002212bc7428c: ;   {metadata(method data for {method} {0x00000221442c1a08} '<init>' '(Ljava/lang/Class;)V' in 'java/lang/invoke/MethodHandles$Lookup')}
  0x000002212bc7428c: 8bc8 48bf | 4012 fa44 | 2102 0000 | 4883 8718 | 0100 0001 

  0x000002212bc742a0: ;   {oop(nullptr)}
  0x000002212bc742a0: 49b9 0000 | 0000 0000 | 0000 bf5f | 0000 0048 | 8bd0 4889 | 8424 b000 | 0000 0f1f 

  0x000002212bc742bc: ;   {optimized virtual_call}
  0x000002212bc742bc: 4400 00e8 

  0x000002212bc742c0: ; ImmutableOopMap {[168]=Oop [176]=Oop }
                      ;*invokespecial <init> {reexecute=0 rethrow=0 return_oop=0}
                      ; - java.lang.invoke.MethodHandles$Lookup::<init>@5 (line 1625)
                      ; - java.lang.invoke.MethodHandles::lookup@23 (line 131)
                      ; - sun.awt.AWTAccessor::ensureClassInitialized@0 (line 1489)
                      ; - sun.awt.AWTAccessor::getInputEventAccessor@10 (line 988)
                      ; - java.awt.AWTEvent::dispatched@7 (line 596)
                      ; - java.awt.EventQueue::dispatchEventImpl@45 (line 776)
  0x000002212bc742c0: bca7 2207 

  0x000002212bc742c4: ;   {other}
  0x000002212bc742c4: 0f1f 8400 | b40b 0002 | 488b 8424 | b000 0000 

  0x000002212bc742d4: ;   {metadata(method data for {method} {0x000002214469b178} 'ensureClassInitialized' '(Ljava/lang/Class;)V' in 'sun/awt/AWTAccessor')}
  0x000002212bc742d4: 4c8b c048 | bae8 0efa | 4421 0200 | 0048 8382 | 2801 0000 

  0x000002212bc742e8: ;   {oop(a 'java/lang/Class'{0x0000000705398110} = 'java/awt/event/InputEvent')}
  0x000002212bc742e8: 0149 b810 | 8139 0507 | 0000 0048 

  0x000002212bc742f4: ;   {optimized virtual_call}
  0x000002212bc742f4: 8bd0 90e8 

  0x000002212bc742f8: ; ImmutableOopMap {[168]=Oop }
                      ;*invokevirtual ensureInitialized {reexecute=0 rethrow=0 return_oop=0}
                      ; - sun.awt.AWTAccessor::ensureClassInitialized@4 (line 1489)
                      ; - sun.awt.AWTAccessor::getInputEventAccessor@10 (line 988)
                      ; - java.awt.AWTEvent::dispatched@7 (line 596)
                      ; - java.awt.EventQueue::dispatchEventImpl@45 (line 776)
  0x000002212bc742f8: 84a7 2207 

  0x000002212bc742fc: ;   {other}
  0x000002212bc742fc: 0f1f 8400 | ec0b 0003 

  0x000002212bc74304: ;   {metadata(method data for {method} {0x000002214469b178} 'ensureClassInitialized' '(Ljava/lang/Class;)V' in 'sun/awt/AWTAccessor')}
  0x000002212bc74304: 48ba e80e | fa44 2102 | 0000 ff82 | 5801 0000 | e9c6 0f00 | 004d 85c9 

  0x000002212bc7431c: ;   {metadata(method data for {method} {0x0000022144692788} 'dispatchEventImpl' '(Ljava/awt/AWTEvent;Ljava/lang/Object;)V' in 'java/awt/EventQueue')}
  0x000002212bc7431c: 48bb 38de | f644 2102 | 0000 750c | 808b 0103 | 0000 01e9 | 9600 0000 | 418b 4108 | 483b 8310 
  0x000002212bc7433c: 0300 0075 | 0d48 8383 | 1803 0000 | 01e9 6000 | 0000 483b | 8320 0300 | 0075 0d48 | 8383 2803 
  0x000002212bc7435c: 0000 01e9 | 4a00 0000 | 4883 bb10 | 0300 0000 | 7517 4889 | 8310 0300 | 0048 c783 | 1803 0000 
  0x000002212bc7437c: 0100 0000 | e929 0000 | 0048 83bb | 2003 0000 | 0075 1748 | 8983 2003 | 0000 48c7 | 8328 0300 
  0x000002212bc7439c: 0001 0000 | 00e9 0800 | 0000 4883 | 8308 0300 

  0x000002212bc743ac: ;   {metadata('java/awt/MenuComponent')}
  0x000002212bc743ac: 0001 48b8 | b813 0f99 | 0000 0000 | 418b 7908 | 483b c70f | 8505 0000 | 00e9 0500 | 0000 4833 
  0x000002212bc743cc: f6eb 0748 | c7c6 0100 | 0000 85f6 

  0x000002212bc743d8: ;   {metadata(method data for {method} {0x0000022144692788} 'dispatchEventImpl' '(Ljava/awt/AWTEvent;Ljava/lang/Object;)V' in 'java/awt/EventQueue')}
  0x000002212bc743d8: 48be 38de | f644 2102 | 0000 48c7 | c748 0300 | 0075 0748 | c7c7 3803 | 0000 488b | 1c3e 488d 
  0x000002212bc743f8: 5b01 4889 | 1c3e 0f85 | 0f0b 0000 

  0x000002212bc74404: ;   {metadata(method data for {method} {0x0000022144692788} 'dispatchEventImpl' '(Ljava/awt/AWTEvent;Ljava/lang/Object;)V' in 'java/awt/EventQueue')}
  0x000002212bc74404: 4d85 c948 | bb38 def6 | 4421 0200 | 0075 0c80 | 8bc9 0300 | 0001 e996 | 0000 0041 | 8b41 0848 
  0x000002212bc74424: 3b83 d803 | 0000 750d | 4883 83e0 | 0300 0001 | e960 0000 | 0048 3b83 | e803 0000 | 750d 4883 
  0x000002212bc74444: 83f0 0300 | 0001 e94a | 0000 0048 | 83bb d803 | 0000 0075 | 1748 8983 | d803 0000 | 48c7 83e0 
  0x000002212bc74464: 0300 0001 | 0000 00e9 | 2900 0000 | 4883 bbe8 | 0300 0000 | 7517 4889 | 83e8 0300 | 0048 c783 
  0x000002212bc74484: f003 0000 | 0100 0000 | e908 0000 | 0048 8383 | d003 0000 

  0x000002212bc74498: ;   {metadata('java/awt/TrayIcon')}
  0x000002212bc74498: 0148 b840 | 160f 9900 | 0000 0041 | 8b79 0848 | 3bc7 0f85 | 0500 0000 | e905 0000 | 0048 33f6 
  0x000002212bc744b8: eb07 48c7 | c601 0000 

  0x000002212bc744c0: ;   {metadata(method data for {method} {0x0000022144692788} 'dispatchEventImpl' '(Ljava/awt/AWTEvent;Ljava/lang/Object;)V' in 'java/awt/EventQueue')}
  0x000002212bc744c0: 0085 f648 | be38 def6 | 4421 0200 | 0048 c7c7 | 1004 0000 | 7507 48c7 | c700 0400 | 0048 8b1c 
  0x000002212bc744e0: 3e48 8d5b | 0148 891c | 3e0f 85a1 | 0800 004d 

  0x000002212bc744f0: ;   {metadata(method data for {method} {0x0000022144692788} 'dispatchEventImpl' '(Ljava/awt/AWTEvent;Ljava/lang/Object;)V' in 'java/awt/EventQueue')}
  0x000002212bc744f0: 85c9 48bb | 38de f644 | 2102 0000 | 750c 808b | 9104 0000 | 01e9 9600 | 0000 418b | 4108 483b 
  0x000002212bc74510: 83a0 0400 | 0075 0d48 | 8383 a804 | 0000 01e9 | 6000 0000 | 483b 83b0 | 0400 0075 | 0d48 8383 
  0x000002212bc74530: b804 0000 | 01e9 4a00 | 0000 4883 | bba0 0400 | 0000 7517 | 4889 83a0 | 0400 0048 | c783 a804 
  0x000002212bc74550: 0000 0100 | 0000 e929 | 0000 0048 | 83bb b004 | 0000 0075 | 1748 8983 | b004 0000 | 48c7 83b8 
  0x000002212bc74570: 0400 0001 | 0000 00e9 | 0800 0000 | 4883 8398 | 0400 0001 

  0x000002212bc74584: ;   {metadata('sun/awt/AWTAutoShutdown')}
  0x000002212bc74584: 48b8 906e | 0e99 0000 | 0000 418b | 7908 483b | c70f 8505 | 0000 00e9 | 0500 0000 | 4833 f6eb 
  0x000002212bc745a4: 0748 c7c6 | 0100 0000 

  0x000002212bc745ac: ;   {metadata(method data for {method} {0x0000022144692788} 'dispatchEventImpl' '(Ljava/awt/AWTEvent;Ljava/lang/Object;)V' in 'java/awt/EventQueue')}
  0x000002212bc745ac: 85f6 48be | 38de f644 | 2102 0000 | 48c7 c7c8 | 0400 0074 | 0748 c7c7 | d804 0000 | 488b 1c3e 
  0x000002212bc745cc: 488d 5b01 | 4889 1c3e | 0f84 5001 | 0000 488b 

  0x000002212bc745dc: ;   {metadata(method data for {method} {0x0000022144692788} 'dispatchEventImpl' '(Ljava/awt/AWTEvent;Ljava/lang/Object;)V' in 'java/awt/EventQueue')}
  0x000002212bc745dc: f248 bf38 | def6 4421 | 0200 0048 | 8387 e804 

  0x000002212bc745ec: ;   {metadata(method data for {method} {0x0000022144691c68} 'noEvents' '()Z' in 'java/awt/EventQueue')}
  0x000002212bc745ec: 0000 0148 | be00 edf6 | 4421 0200 | 008b becc | 0000 0083 | c702 89be | cc00 0000 | 81e7 feff 
  0x000002212bc7460c: 1f00 85ff | 0f84 400f | 0000 be00 | 0000 00e9 | 9400 0000 | 8b7a 2048 | c1e7 033b | 770c 0f83 
  0x000002212bc7462c: 510f 0000 | 4863 de8b | 7c9f 1048 | c1e7 038b | 7f0c 48c1 | e703 4885 

  0x000002212bc74644: ;   {metadata(method data for {method} {0x0000022144691c68} 'noEvents' '()Z' in 'java/awt/EventQueue')}
  0x000002212bc74644: ff48 bf00 | edf6 4421 | 0200 0048 | c7c3 4801 | 0000 7507 | 48c7 c338 | 0100 0048 | 8b04 1f48 
  0x000002212bc74664: 8d40 0148 | 8904 1f0f | 8577 0000 

  0x000002212bc74670: ;   {metadata(method data for {method} {0x0000022144691c68} 'noEvents' '()Z' in 'java/awt/EventQueue')}
  0x000002212bc74670: 00ff c648 | bf00 edf6 | 4421 0200 | 008b 9fd0 | 0000 0083 | c302 899f | d000 0000 | 81e3 fe3f 
  0x000002212bc74690: 0000 85db | 0f84 fa0e | 0000 4d8b | 9760 0400 

  0x000002212bc746a0: ; ImmutableOopMap {rdx=Oop }
                      ;*goto {reexecute=1 rethrow=0 return_oop=0}
                      ; - (reexecute) java.awt.EventQueue::noEvents@24 (line 533)
                      ; - java.awt.EventQueue::dispatchEventImpl@95 (line 782)
                      ;   {poll}
  0x000002212bc746a0: 0041 8502 

  0x000002212bc746a4: ;   {metadata(method data for {method} {0x0000022144691c68} 'noEvents' '()Z' in 'java/awt/EventQueue')}
  0x000002212bc746a4: 48bf 00ed | f644 2102 | 0000 ff87 | 5801 0000 

  0x000002212bc746b4: ;   {metadata(method data for {method} {0x0000022144691c68} 'noEvents' '()Z' in 'java/awt/EventQueue')}
  0x000002212bc746b4: 83fe 0448 | bf00 edf6 | 4421 0200 | 0048 c7c3 | 1801 0000 | 7d07 48c7 | c328 0100 | 0048 8b04 
  0x000002212bc746d4: 1f48 8d40 | 0148 8904 | 1f0f 8d0f | 0000 00e9 | 38ff ffff | be00 0000 | 00e9 0500 | 0000 be01 
  0x000002212bc746f4: 0000 0085 

  0x000002212bc746f8: ;   {metadata(method data for {method} {0x0000022144692788} 'dispatchEventImpl' '(Ljava/awt/AWTEvent;Ljava/lang/Object;)V' in 'java/awt/EventQueue')}
  0x000002212bc746f8: f648 be38 | def6 4421 | 0200 0048 | c7c7 1805 | 0000 7407 | 48c7 c728 | 0500 0048 | 8b1c 3e48 
  0x000002212bc74718: 8d5b 0148 | 891c 3e0f | 8414 0d00 | 00e9 d805 

  0x000002212bc74728: ;   {metadata(method data for {method} {0x0000022144692788} 'dispatchEventImpl' '(Ljava/awt/AWTEvent;Ljava/lang/Object;)V' in 'java/awt/EventQueue')}
  0x000002212bc74728: 0000 48ba | 38de f644 | 2102 0000 | 4883 8280 | 0500 0001 

  0x000002212bc7473c: ;   {metadata(method data for {method} {0x0000022144690a38} 'getEventLog' '()Lsun/util/logging/PlatformLogger;' in 'java/awt/EventQueue')}
  0x000002212bc7473c: 48ba f0ef | f644 2102 | 0000 8bb2 | cc00 0000 | 83c6 0289 | b2cc 0000 | 0081 e6fe | ff1f 0085 
  0x000002212bc7475c: f60f 8452 

  0x000002212bc74760: ;   {oop(a 'java/lang/Class'{0x00000007053981e0} = 'java/awt/EventQueue')}
  0x000002212bc74760: 0e00 0048 | bae0 8139 | 0507 0000 | 008b 5278 | 48c1 e203 

  0x000002212bc74774: ;   {metadata(method data for {method} {0x0000022144690a38} 'getEventLog' '()Lsun/util/logging/PlatformLogger;' in 'java/awt/EventQueue')}
  0x000002212bc74774: 4885 d248 | baf0 eff6 | 4421 0200 | 0048 c7c6 | 1801 0000 | 7507 48c7 | c628 0100 | 0048 8b3c 
  0x000002212bc74794: 3248 8d7f | 0148 893c | 320f 8565 

  0x000002212bc747a0: ;   {metadata(method data for {method} {0x0000022144690a38} 'getEventLog' '()Lsun/util/logging/PlatformLogger;' in 'java/awt/EventQueue')}
  0x000002212bc747a0: 0000 0048 | baf0 eff6 | 4421 0200 | 0048 8382 | 3801 0000 

  0x000002212bc747b4: ;   {oop("java.awt.event.EventQueue"{0x0000000707600218})}
  0x000002212bc747b4: 0148 ba18 | 0260 0707 

  0x000002212bc747bc: ;   {static_call}
  0x000002212bc747bc: 0000 00e8 

  0x000002212bc747c0: ; ImmutableOopMap {[168]=Oop }
                      ;*invokestatic getLogger {reexecute=0 rethrow=0 return_oop=0}
                      ; - java.awt.EventQueue::getEventLog@8 (line 189)
                      ; - java.awt.EventQueue::dispatchEventImpl@111 (line 786)
  0x000002212bc747c0: bca8 2207 

  0x000002212bc747c4: ;   {other}
  0x000002212bc747c4: 0f1f 8400 | b410 0005 

  0x000002212bc747cc: ;   {oop(a 'java/lang/Class'{0x00000007053981e0} = 'java/awt/EventQueue')}
  0x000002212bc747cc: 49b8 e081 | 3905 0700 | 0000 410f | be57 3885 | d20f 85f3 | 0d00 004c | 8bd0 49c1 | ea03 4589 
  0x000002212bc747ec: 5078 f083 | 4424 c000 | 498b d048 | 33d0 48c1 | ea15 4883 | fa00 0f85 | ee0d 0000 

  0x000002212bc74808: ;   {oop(a 'java/lang/Class'{0x00000007053981e0} = 'java/awt/EventQueue')}
  0x000002212bc74808: 49b8 e081 | 3905 0700 | 0000 458b | 4078 49c1 | e003 493b | 0049 8bd0 

  0x000002212bc74820: ;   {metadata(method data for {method} {0x0000022144692788} 'dispatchEventImpl' '(Ljava/awt/AWTEvent;Ljava/lang/Object;)V' in 'java/awt/EventQueue')}
  0x000002212bc74820: 48be 38de | f644 2102 

  0x000002212bc74828: ;   {metadata('sun/util/logging/PlatformLogger')}
  0x000002212bc74828: 0000 49ba | 5056 0a99 | 0000 0000 | 4c89 9698 | 0500 0048 | 8386 a005 

  0x000002212bc74840: ;   {metadata(method data for {method} {0x000002214478e2d8} 'isLoggable' '(Lsun/util/logging/PlatformLogger$Level;)Z' in 'sun/util/logging/PlatformLogger')}
  0x000002212bc74840: 0000 0148 | ba70 fabd | 4421 0200 | 008b b2cc | 0000 0083 | c602 89b2 | cc00 0000 | 81e6 feff 
  0x000002212bc74860: 1f00 85f6 | 0f84 a90d 

  0x000002212bc74868: ;   {metadata(method data for {method} {0x000002214478e2d8} 'isLoggable' '(Lsun/util/logging/PlatformLogger$Level;)Z' in 'sun/util/logging/PlatformLogger')}
  0x000002212bc74868: 0000 48ba | 70fa bd44 | 2102 0000 | ff82 1801 | 0000 418b | 500c 48c1 | e203 483b | 024c 8bc2 
  0x000002212bc74888: ;   {metadata(method data for {method} {0x000002214478e2d8} 'isLoggable' '(Lsun/util/logging/PlatformLogger$Level;)Z' in 'sun/util/logging/PlatformLogger')}
  0x000002212bc74888: 48be 70fa | bd44 2102 | 0000 458b | 4008 4c3b | 8650 0100 | 0075 0d48 | 8386 5801 | 0000 01e9 
  0x000002212bc748a8: 6000 0000 | 4c3b 8660 | 0100 0075 | 0d48 8386 | 6801 0000 | 01e9 4a00 | 0000 4883 | be50 0100 
  0x000002212bc748c8: 0000 7517 | 4c89 8650 | 0100 0048 | c786 5801 | 0000 0100 | 0000 e929 | 0000 0048 | 83be 6001 
  0x000002212bc748e8: 0000 0075 | 174c 8986 | 6001 0000 | 48c7 8668 | 0100 0001 | 0000 00e9 | 0800 0000 | 4883 8648 
  0x000002212bc74908: 0100 0001 

  0x000002212bc7490c: ;   {oop(a 'sun/util/logging/PlatformLogger$Level'{0x0000000705398290})}
  0x000002212bc7490c: 49b8 9082 | 3905 0700 | 0000 0f1f | 8000 0000 | 0048 b8ff | ffff ffff 

  0x000002212bc74924: ;   {virtual_call}
  0x000002212bc74924: ffff ffe8 

  0x000002212bc74928: ; ImmutableOopMap {[168]=Oop }
                      ;*invokeinterface isLoggable {reexecute=0 rethrow=0 return_oop=0}
                      ; - sun.util.logging.PlatformLogger::isLoggable@17 (line 340)
                      ; - java.awt.EventQueue::dispatchEventImpl@117 (line 786)
  0x000002212bc74928: 54a4 2207 

  0x000002212bc7492c: ;   {other}
  0x000002212bc7492c: 0f1f 8400 | 1c12 0006 | 83e0 0185 

  0x000002212bc74938: ;   {metadata(method data for {method} {0x0000022144692788} 'dispatchEventImpl' '(Ljava/awt/AWTEvent;Ljava/lang/Object;)V' in 'java/awt/EventQueue')}
  0x000002212bc74938: c048 ba38 | def6 4421 | 0200 0048 | c7c6 c005 | 0000 7407 | 48c7 c6d0 | 0500 0048 | 8b3c 3248 
  0x000002212bc74958: 8d7f 0148 | 893c 320f | 84d4 0a00 

  0x000002212bc74964: ;   {metadata(method data for {method} {0x0000022144692788} 'dispatchEventImpl' '(Ljava/awt/AWTEvent;Ljava/lang/Object;)V' in 'java/awt/EventQueue')}
  0x000002212bc74964: 0048 ba38 | def6 4421 | 0200 0048 | 8382 e005 

  0x000002212bc74974: ;   {metadata(method data for {method} {0x0000022144690a38} 'getEventLog' '()Lsun/util/logging/PlatformLogger;' in 'java/awt/EventQueue')}
  0x000002212bc74974: 0000 0148 | baf0 eff6 | 4421 0200 | 008b b2cc | 0000 0083 | c602 89b2 | cc00 0000 | 81e6 feff 
  0x000002212bc74994: 1f00 85f6 | 0f84 9b0c 

  0x000002212bc7499c: ;   {oop(a 'java/lang/Class'{0x00000007053981e0} = 'java/awt/EventQueue')}
  0x000002212bc7499c: 0000 48ba | e081 3905 | 0700 0000 | 8b52 7848 | c1e2 0348 

  0x000002212bc749b0: ;   {metadata(method data for {method} {0x0000022144690a38} 'getEventLog' '()Lsun/util/logging/PlatformLogger;' in 'java/awt/EventQueue')}
  0x000002212bc749b0: 85d2 48ba | f0ef f644 | 2102 0000 | 48c7 c618 | 0100 0075 | 0748 c7c6 | 2801 0000 | 488b 3c32 
  0x000002212bc749d0: 488d 7f01 | 4889 3c32 | 0f85 6a00 

  0x000002212bc749dc: ;   {metadata(method data for {method} {0x0000022144690a38} 'getEventLog' '()Lsun/util/logging/PlatformLogger;' in 'java/awt/EventQueue')}
  0x000002212bc749dc: 0000 48ba | f0ef f644 | 2102 0000 | 4883 8238 | 0100 0001 

  0x000002212bc749f0: ;   {oop("java.awt.event.EventQueue"{0x0000000707600218})}
  0x000002212bc749f0: 48ba 1802 | 6007 0700 | 0000 0f1f 

  0x000002212bc749fc: ;   {static_call}
  0x000002212bc749fc: 4400 00e8 

  0x000002212bc74a00: ; ImmutableOopMap {[168]=Oop }
                      ;*invokestatic getLogger {reexecute=0 rethrow=0 return_oop=0}
                      ; - java.awt.EventQueue::getEventLog@8 (line 189)
                      ; - java.awt.EventQueue::dispatchEventImpl@123 (line 787)
  0x000002212bc74a00: 7ca6 2207 

  0x000002212bc74a04: ;   {other}
  0x000002212bc74a04: 0f1f 8400 | f412 0007 

  0x000002212bc74a0c: ;   {oop(a 'java/lang/Class'{0x00000007053981e0} = 'java/awt/EventQueue')}
  0x000002212bc74a0c: 48ba e081 | 3905 0700 | 0000 410f | be77 3885 | f60f 8537 | 0c00 004c | 8bd0 49c1 | ea03 4489 
  0x000002212bc74a2c: 5278 f083 | 4424 c000 | 488b f248 | 33f0 48c1 | ee15 4883 | fe00 0f85 | 310c 0000 

  0x000002212bc74a48: ;   {oop(a 'java/lang/Class'{0x00000007053981e0} = 'java/awt/EventQueue')}
  0x000002212bc74a48: 48ba e081 | 3905 0700 | 0000 8b72 | 7848 c1e6 | 0348 89b4 | 24b8 0000 | 004c 8b84 | 24a8 0000 
  0x000002212bc74a68: ;   {metadata(method data for {method} {0x0000022144692788} 'dispatchEventImpl' '(Ljava/awt/AWTEvent;Ljava/lang/Object;)V' in 'java/awt/EventQueue')}
  0x000002212bc74a68: 0048 ba38 | def6 4421 | 0200 0048 | 8382 f005 

  0x000002212bc74a78: ;   {metadata(method data for {method} {0x000002214400ff48} 'valueOf' '(Ljava/lang/Object;)Ljava/lang/String;' in 'java/lang/String')}
  0x000002212bc74a78: 0000 0148 | bad8 256e | 4421 0200 | 008b bacc | 0000 0083 | c702 89ba | cc00 0000 | 81e7 feff 
  0x000002212bc74a98: 1f00 85ff | 0f84 ef0b | 0000 4d85 

  0x000002212bc74aa4: ;   {metadata(method data for {method} {0x000002214400ff48} 'valueOf' '(Ljava/lang/Object;)Ljava/lang/String;' in 'java/lang/String')}
  0x000002212bc74aa4: c048 bad8 | 256e 4421 | 0200 0048 | c7c7 1801 | 0000 7507 | 48c7 c728 | 0100 0048 | 8b1c 3a48 
  0x000002212bc74ac4: 8d5b 0148 | 891c 3a0f | 851f 0000 

  0x000002212bc74ad0: ;   {metadata(method data for {method} {0x000002214400ff48} 'valueOf' '(Ljava/lang/Object;)Ljava/lang/String;' in 'java/lang/String')}
  0x000002212bc74ad0: 0048 bad8 | 256e 4421 | 0200 00ff | 8238 0100 

  0x000002212bc74ae0: ;   {oop("null"{0x0000000705201c20})}
  0x000002212bc74ae0: 0048 bf20 | 1c20 0507 | 0000 00e9 | 9f00 0000 

  0x000002212bc74af0: ;   {metadata(method data for {method} {0x000002214400ff48} 'valueOf' '(Ljava/lang/Object;)Ljava/lang/String;' in 'java/lang/String')}
  0x000002212bc74af0: 498b d048 | bfd8 256e | 4421 0200 | 008b 5208 | 483b 9758 | 0100 0075 | 0d48 8387 | 6001 0000 
  0x000002212bc74b10: 01e9 6000 | 0000 483b | 9768 0100 | 0075 0d48 | 8387 7001 | 0000 01e9 | 4a00 0000 | 4883 bf58 
  0x000002212bc74b30: 0100 0000 | 7517 4889 | 9758 0100 | 0048 c787 | 6001 0000 | 0100 0000 | e929 0000 | 0048 83bf 
  0x000002212bc74b50: 6801 0000 | 0075 1748 | 8997 6801 | 0000 48c7 | 8770 0100 | 0001 0000 | 00e9 0800 | 0000 4883 
  0x000002212bc74b70: 8750 0100 | 0001 498b | d066 0f1f 

  0x000002212bc74b7c: ;   {optimized virtual_call}
  0x000002212bc74b7c: 4400 00e8 

  0x000002212bc74b80: ; ImmutableOopMap {[184]=Oop }
                      ;*invokevirtual toString {reexecute=0 rethrow=0 return_oop=0}
                      ; - java.lang.String::valueOf@11 (line 4507)
                      ; - java.awt.EventQueue::dispatchEventImpl@127 (line 787)
  0x000002212bc74b80: fc9e 2207 

  0x000002212bc74b84: ;   {other}
  0x000002212bc74b84: 0f1f 8400 | 7414 0008 | 488b f890 

  0x000002212bc74b90: ;   {no_reloc}
  0x000002212bc74b90: e92c 0b00 | 0090 9090 | 9090 488b 

  0x000002212bc74b9c: ;   {static_call}
  0x000002212bc74b9c: d766 90e8 

  0x000002212bc74ba0: ; ImmutableOopMap {[184]=Oop }
                      ;*invokedynamic {reexecute=0 rethrow=0 return_oop=0}
                      ; - java.awt.EventQueue::dispatchEventImpl@130 (line 787)
  0x000002212bc74ba0: dca4 2207 

  0x000002212bc74ba4: ;   {other}
  0x000002212bc74ba4: 0f1f 8400 | 9414 0009 

  0x000002212bc74bac: ;   {metadata(method data for {method} {0x0000022144692788} 'dispatchEventImpl' '(Ljava/awt/AWTEvent;Ljava/lang/Object;)V' in 'java/awt/EventQueue')}
  0x000002212bc74bac: 49b8 38de | f644 2102 | 0000 4d8d | 8020 0600 | 0048 85c0 | 750b 41f6 | 0001 7505 | f049 8308 
  0x000002212bc74bcc: 0148 8bb4 | 24b8 0000 | 0048 3b06 

  0x000002212bc74bd8: ;   {metadata(method data for {method} {0x0000022144692788} 'dispatchEventImpl' '(Ljava/awt/AWTEvent;Ljava/lang/Object;)V' in 'java/awt/EventQueue')}
  0x000002212bc74bd8: 4c8b c649 | b938 def6 | 4421 0200 

  0x000002212bc74be4: ;   {metadata('sun/util/logging/PlatformLogger')}
  0x000002212bc74be4: 0049 ba50 | 560a 9900 | 0000 004d | 8991 3806 | 0000 4983 | 8140 0600 

  0x000002212bc74bfc: ;   {metadata(method data for {method} {0x000002214478ef30} 'fine' '(Ljava/lang/String;)V' in 'sun/util/logging/PlatformLogger')}
  0x000002212bc74bfc: 0001 49b8 | 50f8 f644 | 2102 0000 | 458b 88cc | 0000 0041 | 83c1 0245 | 8988 cc00 | 0000 4181 
  0x000002212bc74c1c: e1fe ff1f | 0045 85c9 | 0f84 a60a | 0000 8b56 | 0c48 c1e2 | 0348 3b02 

  0x000002212bc74c34: ;   {metadata(method data for {method} {0x000002214478ef30} 'fine' '(Ljava/lang/String;)V' in 'sun/util/logging/PlatformLogger')}
  0x000002212bc74c34: 4c8b c249 | b950 f8f6 | 4421 0200 | 0045 8b40 | 084d 3b81 | 5001 0000 | 750d 4983 | 8158 0100 
  0x000002212bc74c54: 0001 e960 | 0000 004d | 3b81 6001 | 0000 750d | 4983 8168 | 0100 0001 | e94a 0000 | 0049 83b9 
  0x000002212bc74c74: 5001 0000 | 0075 174d | 8981 5001 | 0000 49c7 | 8158 0100 | 0001 0000 | 00e9 2900 | 0000 4983 
  0x000002212bc74c94: b960 0100 | 0000 7517 | 4d89 8160 | 0100 0049 | c781 6801 | 0000 0100 | 0000 e908 | 0000 0049 
  0x000002212bc74cb4: 8381 4801 

  0x000002212bc74cb8: ;   {oop(a 'sun/util/logging/PlatformLogger$Level'{0x0000000705398290})}
  0x000002212bc74cb8: 0000 0149 | b890 8239 | 0507 0000 | 004c 8bc8 

  0x000002212bc74cc8: ;   {oop(nullptr)}
  0x000002212bc74cc8: 48bf 0000 | 0000 0000 | 0000 6666 | 9048 b8ff | ffff ffff 

  0x000002212bc74cdc: ;   {virtual_call}
  0x000002212bc74cdc: ffff ffe8 

  0x000002212bc74ce0: ; ImmutableOopMap {}
                      ;*invokeinterface log {reexecute=0 rethrow=0 return_oop=0}
                      ; - sun.util.logging.PlatformLogger::fine@12 (line 449)
                      ; - java.awt.EventQueue::dispatchEventImpl@135 (line 787)
  0x000002212bc74ce0: 9ca0 2207 

  0x000002212bc74ce4: ;   {other}
  0x000002212bc74ce4: 0f1f 8400 | d415 000a | 4881 c4d0 | 0000 005d 

  0x000002212bc74cf4: ;   {poll_return}
  0x000002212bc74cf4: 493b a758 | 0400 000f | 87f5 0900 | 00c3 448b | 4234 49c1 | e003 493b | 0049 8bd0 

  0x000002212bc74d10: ;   {metadata(method data for {method} {0x0000022144692788} 'dispatchEventImpl' '(Ljava/awt/AWTEvent;Ljava/lang/Object;)V' in 'java/awt/EventQueue')}
  0x000002212bc74d10: 48be 38de | f644 2102 

  0x000002212bc74d18: ;   {metadata('java/awt/EventDispatchThread')}
  0x000002212bc74d18: 0000 49ba | 30f1 0e99 | 0000 0000 | 4c89 9640 | 0500 0048 | 8386 4805 

  0x000002212bc74d30: ;   {metadata(method data for {method} {0x000002214489e950} 'stopDispatching' '()V' in 'java/awt/EventDispatchThread')}
  0x000002212bc74d30: 0000 0148 | bab0 eef6 | 4421 0200 | 008b b2cc | 0000 0083 | c602 89b2 | cc00 0000 | 81e6 feff 
  0x000002212bc74d50: 1f00 85f6 | 0f84 b709 | 0000 ba00 | 0000 0041 | 8850 74f0 | 8344 24c0 

  0x000002212bc74d68: ;   {metadata(method data for {method} {0x0000022144692788} 'dispatchEventImpl' '(Ljava/awt/AWTEvent;Ljava/lang/Object;)V' in 'java/awt/EventQueue')}
  0x000002212bc74d68: 0049 b838 | def6 4421 | 0200 0041 | ff80 6805 | 0000 4881 | c4d0 0000 

  0x000002212bc74d80: ;   {poll_return}
  0x000002212bc74d80: 005d 493b | a758 0400 | 000f 87a3 | 0900 00c3 | 4c8b 8424 | a800 0000 

  0x000002212bc74d98: ;   {metadata(method data for {method} {0x0000022144692788} 'dispatchEventImpl' '(Ljava/awt/AWTEvent;Ljava/lang/Object;)V' in 'java/awt/EventQueue')}
  0x000002212bc74d98: 4d85 c948 | bf38 def6 | 4421 0200 | 0075 0c80 | 8f19 0400 | 0001 e996 | 0000 0041 | 8b59 0848 
  0x000002212bc74db8: 3b9f 2804 | 0000 750d | 4883 8730 | 0400 0001 | e960 0000 | 0048 3b9f | 3804 0000 | 750d 4883 
  0x000002212bc74dd8: 8740 0400 | 0001 e94a | 0000 0048 | 83bf 2804 | 0000 0075 | 1748 899f | 2804 0000 | 48c7 8730 
  0x000002212bc74df8: 0400 0001 | 0000 00e9 | 2900 0000 | 4883 bf38 | 0400 0000 | 7517 4889 | 9f38 0400 | 0048 c787 
  0x000002212bc74e18: 4004 0000 | 0100 0000 | e908 0000 | 0048 8387 | 2004 0000 

  0x000002212bc74e2c: ;   {metadata('java/awt/TrayIcon')}
  0x000002212bc74e2c: 0148 bb40 | 160f 9900 | 0000 0041 | 8b71 0848 | 3bde 0f85 | 0409 0000 | e900 0000 | 0049 8bd1 
  0x000002212bc74e4c: ; implicit exception: dispatches to 0x000002212bc75751
  0x000002212bc74e4c: 483b 0248 

  0x000002212bc74e50: ;   {metadata(method data for {method} {0x0000022144692788} 'dispatchEventImpl' '(Ljava/awt/AWTEvent;Ljava/lang/Object;)V' in 'java/awt/EventQueue')}
  0x000002212bc74e50: 8bf2 48bf | 38de f644 | 2102 0000 | 8b76 0848 | 3bb7 5804 | 0000 750d | 4883 8760 | 0400 0001 
  0x000002212bc74e70: e960 0000 | 0048 3bb7 | 6804 0000 | 750d 4883 | 8770 0400 | 0001 e94a | 0000 0048 | 83bf 5804 
  0x000002212bc74e90: 0000 0075 | 1748 89b7 | 5804 0000 | 48c7 8760 | 0400 0001 | 0000 00e9 | 2900 0000 | 4883 bf68 
  0x000002212bc74eb0: 0400 0000 | 7517 4889 | b768 0400 | 0048 c787 | 7004 0000 | 0100 0000 | e908 0000 | 0048 8387 
  0x000002212bc74ed0: 5004 0000 | 0148 b8ff | ffff ffff 

  0x000002212bc74edc: ;   {virtual_call}
  0x000002212bc74edc: ffff ffe8 

  0x000002212bc74ee0: ; ImmutableOopMap {}
                      ;*invokevirtual dispatchEvent {reexecute=0 rethrow=0 return_oop=0}
                      ; - java.awt.EventQueue::dispatchEventImpl@81 (line 780)
  0x000002212bc74ee0: 9c9e 2207 

  0x000002212bc74ee4: ;   {other}
  0x000002212bc74ee4: 0f1f 8400 | d417 000b 

  0x000002212bc74eec: ;   {metadata(method data for {method} {0x0000022144692788} 'dispatchEventImpl' '(Ljava/awt/AWTEvent;Ljava/lang/Object;)V' in 'java/awt/EventQueue')}
  0x000002212bc74eec: 49b8 38de | f644 2102 | 0000 41ff | 8080 0400 | 0048 81c4 | d000 0000 

  0x000002212bc74f04: ;   {poll_return}
  0x000002212bc74f04: 5d49 3ba7 | 5804 0000 | 0f87 4408 | 0000 c34c | 8b84 24a8 | 0000 004d 

  0x000002212bc74f1c: ;   {metadata(method data for {method} {0x0000022144692788} 'dispatchEventImpl' '(Ljava/awt/AWTEvent;Ljava/lang/Object;)V' in 'java/awt/EventQueue')}
  0x000002212bc74f1c: 85c9 48bf | 38de f644 | 2102 0000 | 750c 808f | 5103 0000 | 01e9 9600 | 0000 418b | 5908 483b 
  0x000002212bc74f3c: 9f60 0300 | 0075 0d48 | 8387 6803 | 0000 01e9 | 6000 0000 | 483b 9f70 | 0300 0075 | 0d48 8387 
  0x000002212bc74f5c: 7803 0000 | 01e9 4a00 | 0000 4883 | bf60 0300 | 0000 7517 | 4889 9f60 | 0300 0048 | c787 6803 
  0x000002212bc74f7c: 0000 0100 | 0000 e929 | 0000 0048 | 83bf 7003 | 0000 0075 | 1748 899f | 7003 0000 | 48c7 8778 
  0x000002212bc74f9c: 0300 0001 | 0000 00e9 | 0800 0000 | 4883 8758 | 0300 0001 

  0x000002212bc74fb0: ;   {metadata('java/awt/MenuComponent')}
  0x000002212bc74fb0: 48bb b813 | 0f99 0000 | 0000 418b | 7108 483b | de0f 85a5 | 0700 00e9 | 0000 0000 | 498b d148 
  0x000002212bc74fd0: 3b02 488b 

  0x000002212bc74fd4: ;   {metadata(method data for {method} {0x0000022144692788} 'dispatchEventImpl' '(Ljava/awt/AWTEvent;Ljava/lang/Object;)V' in 'java/awt/EventQueue')}
  0x000002212bc74fd4: f248 bf38 | def6 4421 | 0200 008b | 7608 483b | b790 0300 | 0075 0d48 | 8387 9803 | 0000 01e9 
  0x000002212bc74ff4: 6000 0000 | 483b b7a0 | 0300 0075 | 0d48 8387 | a803 0000 | 01e9 4a00 | 0000 4883 | bf90 0300 
  0x000002212bc75014: 0000 7517 | 4889 b790 | 0300 0048 | c787 9803 | 0000 0100 | 0000 e929 | 0000 0048 | 83bf a003 
  0x000002212bc75034: 0000 0075 | 1748 89b7 | a003 0000 | 48c7 87a8 | 0300 0001 | 0000 00e9 | 0800 0000 | 4883 8788 
  0x000002212bc75054: 0300 0001 | 0f1f 8000 

  0x000002212bc7505c: ;   {optimized virtual_call}
  0x000002212bc7505c: 0000 00e8 

  0x000002212bc75060: ; ImmutableOopMap {}
                      ;*invokevirtual dispatchEvent {reexecute=0 rethrow=0 return_oop=0}
                      ; - java.awt.EventQueue::dispatchEventImpl@63 (line 778)
  0x000002212bc75060: 1c9a 2207 

  0x000002212bc75064: ;   {other}
  0x000002212bc75064: 0f1f 8400 | 5419 000c 

  0x000002212bc7506c: ;   {metadata(method data for {method} {0x0000022144692788} 'dispatchEventImpl' '(Ljava/awt/AWTEvent;Ljava/lang/Object;)V' in 'java/awt/EventQueue')}
  0x000002212bc7506c: 49b8 38de | f644 2102 | 0000 41ff | 80b8 0300 | 0048 81c4 | d000 0000 

  0x000002212bc75084: ;   {poll_return}
  0x000002212bc75084: 5d49 3ba7 | 5804 0000 | 0f87 e806 | 0000 c348 

  0x000002212bc75094: ;   {metadata(method data for {method} {0x0000022144692788} 'dispatchEventImpl' '(Ljava/awt/AWTEvent;Ljava/lang/Object;)V' in 'java/awt/EventQueue')}
  0x000002212bc75094: 8bf2 48bf | 38de f644 | 2102 0000 | 4883 8768 | 0100 0001 | 498b f04c 

  0x000002212bc750ac: ;   {optimized virtual_call}
  0x000002212bc750ac: 8bc6 90e8 

  0x000002212bc750b0: ; ImmutableOopMap {[168]=Oop }
                      ;*invokevirtual setCurrentEventAndMostRecentTimeImpl {reexecute=0 rethrow=0 return_oop=0}
                      ; - java.awt.EventQueue::dispatchEventImpl@14 (line 772)
  0x000002212bc750b0: 2c81 ffff 

  0x000002212bc750b4: ;   {other}
  0x000002212bc750b4: 0f1f 8400 | a419 000d | 4c8b 8424 | a800 0000 

  0x000002212bc750c4: ;   {metadata(method data for {method} {0x0000022144692788} 'dispatchEventImpl' '(Ljava/awt/AWTEvent;Ljava/lang/Object;)V' in 'java/awt/EventQueue')}
  0x000002212bc750c4: 4d85 c048 | bf38 def6 | 4421 0200 | 0075 0c80 | 8f91 0100 | 0001 e9b1 | 0000 0041 | 8b58 0848 
  0x000002212bc750e4: 3b9f a001 | 0000 750d | 4883 87a8 | 0100 0001 | e960 0000 | 0048 3b9f | b001 0000 | 750d 4883 
  0x000002212bc75104: 87b8 0100 | 0001 e94a | 0000 0048 | 83bf a001 | 0000 0075 | 1748 899f | a001 0000 | 48c7 87a8 
  0x000002212bc75124: 0100 0001 | 0000 00e9 | 2900 0000 | 4883 bfb0 | 0100 0000 | 7517 4889 | 9fb0 0100 | 0048 c787 
  0x000002212bc75144: b801 0000 | 0100 0000 | e908 0000 | 0048 8387 | 9801 0000 

  0x000002212bc75158: ;   {metadata('java/awt/ActiveEvent')}
  0x000002212bc75158: 0148 bb50 | e60e 9900 | 0000 0041 | 8b78 0848 | 3b5f 200f | 841f 0000 | 0048 3bfb | 0f84 1600 
  0x000002212bc75178: 0000 5753 

  0x000002212bc7517c: ;   {runtime_call slow_subtype_check Runtime1 stub}
  0x000002212bc7517c: e87f dc2e | 075f 5f85 | ff0f 8405 | 0600 00e9 | 0000 0000 | 498b d048 | 3b02 488b 

  0x000002212bc75198: ;   {metadata(method data for {method} {0x0000022144692788} 'dispatchEventImpl' '(Ljava/awt/AWTEvent;Ljava/lang/Object;)V' in 'java/awt/EventQueue')}
  0x000002212bc75198: f248 bf38 | def6 4421 | 0200 008b | 7608 483b | b7d0 0100 | 0075 0d48 | 8387 d801 | 0000 01e9 
  0x000002212bc751b8: 6000 0000 | 483b b7e0 | 0100 0075 | 0d48 8387 | e801 0000 | 01e9 4a00 | 0000 4883 | bfd0 0100 
  0x000002212bc751d8: 0000 7517 | 4889 b7d0 | 0100 0048 | c787 d801 | 0000 0100 | 0000 e929 | 0000 0048 | 83bf e001 
  0x000002212bc751f8: 0000 0075 | 1748 89b7 | e001 0000 | 48c7 87e8 | 0100 0001 | 0000 00e9 | 0800 0000 | 4883 87c8 
  0x000002212bc75218: 0100 0001 | 9048 b8c0 | 6045 4921 

  0x000002212bc75224: ;   {virtual_call}
  0x000002212bc75224: 0200 00e8 

  0x000002212bc75228: ; ImmutableOopMap {}
                      ;*invokeinterface dispatch {reexecute=0 rethrow=0 return_oop=0}
                      ; - java.awt.EventQueue::dispatchEventImpl@21 (line 773)
  0x000002212bc75228: 54b4 2f07 

  0x000002212bc7522c: ;   {other}
  0x000002212bc7522c: 0f1f 8400 | 1c1b 000e 

  0x000002212bc75234: ;   {metadata(method data for {method} {0x0000022144692788} 'dispatchEventImpl' '(Ljava/awt/AWTEvent;Ljava/lang/Object;)V' in 'java/awt/EventQueue')}
  0x000002212bc75234: 48ba 38de | f644 2102 | 0000 ff82 | f801 0000 | 4881 c4d0 | 0000 005d 

  0x000002212bc7524c: ;   {poll_return}
  0x000002212bc7524c: 493b a758 | 0400 000f | 8745 0500 | 00c3 660f | 1f44 0000 

  0x000002212bc75260: ;   {no_reloc}
  0x000002212bc75260: e95e 0500 | 0000 0000 | 0000 e95e | 0500 0048 

  0x000002212bc75270: ;   {metadata(method data for {method} {0x00000221442b2dc0} 'lookup' '()Ljava/lang/invoke/MethodHandles$Lookup;' in 'java/lang/invoke/MethodHandles')}
  0x000002212bc75270: 8bd0 48be | a010 fa44 | 2102 0000 | 4883 8648 | 0100 0001 

  0x000002212bc75284: ;   {oop("no caller frame"{0x0000000705343268})}
  0x000002212bc75284: 49b8 6832 | 3405 0700 | 0000 488b | d048 8984 | 24c0 0000 | 0066 0f1f 

  0x000002212bc7529c: ;   {optimized virtual_call}
  0x000002212bc7529c: 4400 00e8 

  0x000002212bc752a0: ; ImmutableOopMap {[168]=Oop [192]=Oop }
                      ;*invokespecial <init> {reexecute=0 rethrow=0 return_oop=0}
                      ; - java.lang.invoke.MethodHandles::lookup@14 (line 129)
                      ; - sun.awt.AWTAccessor::ensureClassInitialized@0 (line 1489)
                      ; - sun.awt.AWTAccessor::getInputEventAccessor@10 (line 988)
                      ; - java.awt.AWTEvent::dispatched@7 (line 596)
                      ; - java.awt.EventQueue::dispatchEventImpl@45 (line 776)
  0x000002212bc752a0: dc97 2207 

  0x000002212bc752a4: ;   {other}
  0x000002212bc752a4: 0f1f 8400 | 941b 000f | 488b 8424 

  0x000002212bc752b0: ; ImmutableOopMap {rax=Oop [168]=Oop }
                      ;*athrow {reexecute=1 rethrow=0 return_oop=0}
                      ; - (reexecute) java.lang.invoke.MethodHandles::lookup@17 (line 129)
                      ; - sun.awt.AWTAccessor::ensureClassInitialized@0 (line 1489)
                      ; - sun.awt.AWTAccessor::getInputEventAccessor@10 (line 988)
                      ; - java.awt.AWTEvent::dispatched@7 (line 596)
                      ; - java.awt.EventQueue::dispatchEventImpl@45 (line 776)
  0x000002212bc752b0: c000 0000 

  0x000002212bc752b4: ;   {section_word}
  0x000002212bc752b4: 48ba b452 | c72b 2102 

  0x000002212bc752bc: ;   {runtime_call handle_exception_nofpu Runtime1 stub}
  0x000002212bc752bc: 0000 e83d | c92e 0790 | 498b 8708 | 0500 004d | 33d2 4d89 | 9708 0500 | 004d 33d2 | 4d89 9710 
  0x000002212bc752dc: ;   {oop(a 'java/lang/Class'{0x0000000705343178} = 'sun/awt/AWTAccessor')}
  0x000002212bc752dc: 0500 0048 | be78 3134 | 0507 0000 | 008b b684 | 0000 0048 | c1e6 034c | 8b84 24a8 | 0000 004d 
  0x000002212bc752fc: ;   {metadata(method data for {method} {0x00000221447121d8} 'dispatched' '()V' in 'java/awt/AWTEvent')}
  0x000002212bc752fc: 85c0 48b8 | 20e8 f644 | 2102 0000 | 750c 8088 | 7101 0000 | 01e9 9700 | 0000 418b | 5008 483b 
  0x000002212bc7531c: 9080 0100 | 0075 0d48 | 8380 8801 | 0000 01e9 | 6000 0000 | 483b 9090 | 0100 0075 | 0d48 8380 
  0x000002212bc7533c: 9801 0000 | 01e9 4a00 | 0000 4883 | b880 0100 | 0000 7517 | 4889 9080 | 0100 0048 | c780 8801 
  0x000002212bc7535c: 0000 0100 | 0000 e929 | 0000 0048 | 83b8 9001 | 0000 0075 | 1748 8990 | 9001 0000 | 48c7 8098 
  0x000002212bc7537c: 0100 0001 | 0000 00e9 | 0800 0000 | 4883 8078 | 0100 0001 

  0x000002212bc75390: ;   {metadata('java/awt/event/InputEvent')}
  0x000002212bc75390: 48ba 40df | 0b99 0000 | 0000 418b | 4008 483b | 5050 0f85 | 3204 0000 | e900 0000 | 0049 8bf8 
  0x000002212bc753b0: 4885 f60f | 841c 0000 

  0x000002212bc753b8: ;   {metadata('java/awt/event/InputEvent$1')}
  0x000002212bc753b8: 0048 b968 | ec0b 9900 | 0000 008b | 5608 483b | 4a38 0f85 | 1304 0000 | e900 0000 | 0048 8bde 
  0x000002212bc753d8: ; implicit exception: dispatches to 0x000002212bc757e8
                      ;   {metadata(method data for {method} {0x00000221447121d8} 'dispatched' '()V' in 'java/awt/AWTEvent')}
  0x000002212bc753d8: 483b 0648 | bb20 e8f6 | 4421 0200 

  0x000002212bc753e4: ;   {metadata('java/awt/event/InputEvent$1')}
  0x000002212bc753e4: 0049 ba68 | ec0b 9900 | 0000 004c | 8993 b001 | 0000 4883 | 83b8 0100 

  0x000002212bc753fc: ;   {metadata(method data for {method} {0x00000221448006e0} 'setCanAccessSystemClipboard' '(Ljava/awt/event/InputEvent;Z)V' in 'java/awt/event/InputEvent$1')}
  0x000002212bc753fc: 0001 48be | b8eb f644 | 2102 0000 | 8b9e cc00 | 0000 83c3 | 0289 9ecc | 0000 0081 | e3fe ff1f 
  0x000002212bc7541c: 0085 db0f | 84c8 0300 | 00c6 472c 

  0x000002212bc75428: ;   {metadata(method data for {method} {0x0000022144692788} 'dispatchEventImpl' '(Ljava/awt/AWTEvent;Ljava/lang/Object;)V' in 'java/awt/EventQueue')}
  0x000002212bc75428: 0048 be38 | def6 4421 | 0200 00ff | 86f0 0200 | 0048 81c4 | d000 0000 

  0x000002212bc75440: ;   {poll_return}
  0x000002212bc75440: 5d49 3ba7 | 5804 0000 | 0f87 c503 

  0x000002212bc7544c: ;   {metadata({method} {0x0000022144692788} 'dispatchEventImpl' '(Ljava/awt/AWTEvent;Ljava/lang/Object;)V' in 'java/awt/EventQueue')}
  0x000002212bc7544c: 0000 c349 | ba80 2769 | 4421 0200 | 004c 8954 | 2408 48c7 | 0424 ffff 

  0x000002212bc75464: ;   {runtime_call counter_overflow Runtime1 stub}
  0x000002212bc75464: ffff e895 

  0x000002212bc75468: ; ImmutableOopMap {rdx=Oop r8=Oop r9=Oop [168]=Oop }
                      ;*synchronization entry
                      ; - java.awt.EventQueue::dispatchEventImpl@-1 (line 769)
  0x000002212bc75468: 002f 07e9 | 1ee7 ffff 

  0x000002212bc75470: ;   {runtime_call throw_null_pointer_exception Runtime1 stub}
  0x000002212bc75470: e88b af2e 

  0x000002212bc75474: ; ImmutableOopMap {rdx=Oop r8=Oop r9=Oop [168]=Oop }
                      ;*putfield isPosted {reexecute=1 rethrow=0 return_oop=0}
                      ; - (reexecute) java.awt.EventQueue::dispatchEventImpl@2 (line 769)
  0x000002212bc75474: 074c 890c 

  0x000002212bc75478: ;   {runtime_call throw_class_cast_exception Runtime1 stub}
  0x000002212bc75478: 24e8 82d3 

  0x000002212bc7547c: ; ImmutableOopMap {r8=Oop [168]=Oop }
                      ;*checkcast {reexecute=0 rethrow=0 return_oop=0}
                      ; - java.awt.EventQueue::dispatchEventImpl@37 (line 775)
                      ;   {runtime_call throw_null_pointer_exception Runtime1 stub}
  0x000002212bc7547c: 2e07 e87d 

  0x000002212bc75480: ; ImmutableOopMap {r8=Oop rdx=Oop [168]=Oop }
                      ;*invokevirtual dispatchEvent {reexecute=0 rethrow=0 return_oop=0}
                      ; - java.awt.EventQueue::dispatchEventImpl@41 (line 775)
                      ;   {metadata({method} {0x00000221447369f0} 'dispatchEvent' '(Ljava/awt/AWTEvent;)V' in 'java/awt/Component')}
  0x000002212bc75480: af2e 0749 | bae8 6973 | 4421 0200 | 004c 8954 | 2408 48c7 | 0424 ffff 

  0x000002212bc75498: ;   {runtime_call counter_overflow Runtime1 stub}
  0x000002212bc75498: ffff e861 

  0x000002212bc7549c: ; ImmutableOopMap {r8=Oop rdx=Oop [168]=Oop }
                      ;*synchronization entry
                      ; - java.awt.Component::dispatchEvent@-1 (line 4828)
                      ; - java.awt.EventQueue::dispatchEventImpl@41 (line 775)
  0x000002212bc7549c: 002f 07e9 | d5e9 ffff 

  0x000002212bc754a4: ;   {metadata({method} {0x00000221447121d8} 'dispatched' '()V' in 'java/awt/AWTEvent')}
  0x000002212bc754a4: 49ba d021 | 7144 2102 | 0000 4c89 | 5424 0848 | c704 24ff 

  0x000002212bc754b8: ;   {runtime_call counter_overflow Runtime1 stub}
  0x000002212bc754b8: ffff ffe8 

  0x000002212bc754bc: ; ImmutableOopMap {[168]=Oop }
                      ;*synchronization entry
                      ; - java.awt.AWTEvent::dispatched@-1 (line 595)
                      ; - java.awt.EventQueue::dispatchEventImpl@45 (line 776)
  0x000002212bc754bc: 4000 2f07 | e90a ebff 

  0x000002212bc754c4: ;   {metadata({method} {0x00000221446989b8} 'getInputEventAccessor' '()Lsun/awt/AWTAccessor$InputEventAccessor;' in 'sun/awt/AWTAccessor')}
  0x000002212bc754c4: ff49 bab0 | 8969 4421 | 0200 004c | 8954 2408 | 48c7 0424 | ffff ffff 

  0x000002212bc754dc: ;   {runtime_call counter_overflow Runtime1 stub}
  0x000002212bc754dc: e81f 002f 

  0x000002212bc754e0: ; ImmutableOopMap {r8=Oop [168]=Oop }
                      ;*synchronization entry
                      ; - sun.awt.AWTAccessor::getInputEventAccessor@-1 (line 986)
                      ; - java.awt.AWTEvent::dispatched@7 (line 596)
                      ; - java.awt.EventQueue::dispatchEventImpl@45 (line 776)
  0x000002212bc754e0: 07e9 16ec 

  0x000002212bc754e4: ;   {metadata({method} {0x000002214469b178} 'ensureClassInitialized' '(Ljava/lang/Class;)V' in 'sun/awt/AWTAccessor')}
  0x000002212bc754e4: ffff 49ba | 70b1 6944 | 2102 0000 | 4c89 5424 | 0848 c704 | 24ff ffff 

  0x000002212bc754fc: ;   {runtime_call counter_overflow Runtime1 stub}
  0x000002212bc754fc: ffe8 feff 

  0x000002212bc75500: ; ImmutableOopMap {[168]=Oop }
                      ;*synchronization entry
                      ; - sun.awt.AWTAccessor::ensureClassInitialized@-1 (line 1489)
                      ; - sun.awt.AWTAccessor::getInputEventAccessor@10 (line 988)
                      ; - java.awt.AWTEvent::dispatched@7 (line 596)
                      ; - java.awt.EventQueue::dispatchEventImpl@45 (line 776)
  0x000002212bc75500: 2e07 e971 

  0x000002212bc75504: ;   {metadata({method} {0x00000221442b2dc0} 'lookup' '()Ljava/lang/invoke/MethodHandles$Lookup;' in 'java/lang/invoke/MethodHandles')}
  0x000002212bc75504: ecff ff49 | bab8 2d2b | 4421 0200 | 004c 8954 | 2408 48c7 | 0424 ffff 

  0x000002212bc7551c: ;   {runtime_call counter_overflow Runtime1 stub}
  0x000002212bc7551c: ffff e8dd 

  0x000002212bc75520: ; ImmutableOopMap {[168]=Oop }
                      ;*synchronization entry
                      ; - java.lang.invoke.MethodHandles::lookup@-1 (line 127)
                      ; - sun.awt.AWTAccessor::ensureClassInitialized@0 (line 1489)
                      ; - sun.awt.AWTAccessor::getInputEventAccessor@10 (line 988)
                      ; - java.awt.AWTEvent::dispatched@7 (line 596)
                      ; - java.awt.EventQueue::dispatchEventImpl@45 (line 776)
  0x000002212bc75520: ff2e 07e9 | 89ec ffff 

  0x000002212bc75528: ;   {runtime_call fast_new_instance Runtime1 stub}
  0x000002212bc75528: 488b d2e8 

  0x000002212bc7552c: ; ImmutableOopMap {r8=Oop [168]=Oop }
                      ;*new {reexecute=0 rethrow=0 return_oop=0}
                      ; - java.lang.invoke.MethodHandles::lookup@18 (line 131)
                      ; - sun.awt.AWTAccessor::ensureClassInitialized@0 (line 1489)
                      ; - sun.awt.AWTAccessor::getInputEventAccessor@10 (line 988)
                      ; - java.awt.AWTEvent::dispatched@7 (line 596)
                      ; - java.awt.EventQueue::dispatchEventImpl@45 (line 776)
  0x000002212bc7552c: d0b7 2e07 | e918 edff 

  0x000002212bc75534: ;   {metadata({method} {0x00000221442c1a08} '<init>' '(Ljava/lang/Class;)V' in 'java/lang/invoke/MethodHandles$Lookup')}
  0x000002212bc75534: ff49 ba00 | 1a2c 4421 | 0200 004c | 8954 2408 | 48c7 0424 | ffff ffff 

  0x000002212bc7554c: ;   {runtime_call counter_overflow Runtime1 stub}
  0x000002212bc7554c: e8af ff2e 

  0x000002212bc75550: ; ImmutableOopMap {r8=Oop rax=Oop [168]=Oop }
                      ;*synchronization entry
                      ; - java.lang.invoke.MethodHandles$Lookup::<init>@-1 (line 1625)
                      ; - java.lang.invoke.MethodHandles::lookup@23 (line 131)
                      ; - sun.awt.AWTAccessor::ensureClassInitialized@0 (line 1489)
                      ; - sun.awt.AWTAccessor::getInputEventAccessor@10 (line 988)
                      ; - java.awt.AWTEvent::dispatched@7 (line 596)
                      ; - java.awt.EventQueue::dispatchEventImpl@45 (line 776)
  0x000002212bc75550: 07e9 35ed 

  0x000002212bc75554: ;   {metadata({method} {0x0000022144691c68} 'noEvents' '()Z' in 'java/awt/EventQueue')}
  0x000002212bc75554: ffff 49ba | 601c 6944 | 2102 0000 | 4c89 5424 | 0848 c704 | 24ff ffff 

  0x000002212bc7556c: ;   {runtime_call counter_overflow Runtime1 stub}
  0x000002212bc7556c: ffe8 8eff 

  0x000002212bc75570: ; ImmutableOopMap {rdx=Oop }
                      ;*synchronization entry
                      ; - java.awt.EventQueue::noEvents@-1 (line 533)
                      ; - java.awt.EventQueue::dispatchEventImpl@95 (line 782)
  0x000002212bc75570: 2e07 e99f 

  0x000002212bc75574: ;   {runtime_call throw_null_pointer_exception Runtime1 stub}
  0x000002212bc75574: f0ff ffe8 

  0x000002212bc75578: ; ImmutableOopMap {rdx=Oop rdi=Oop }
                      ;*aaload {reexecute=0 rethrow=0 return_oop=0}
                      ; - java.awt.EventQueue::noEvents@12 (line 534)
                      ; - java.awt.EventQueue::dispatchEventImpl@95 (line 782)
  0x000002212bc75578: 84ae 2e07 

  0x000002212bc7557c: ;   {runtime_call throw_null_pointer_exception Runtime1 stub}
  0x000002212bc7557c: e87f ae2e 

  0x000002212bc75580: ; ImmutableOopMap {rdx=Oop rdi=Oop }
                      ;*aaload {reexecute=0 rethrow=0 return_oop=0}
                      ; - java.awt.EventQueue::noEvents@12 (line 534)
                      ; - java.awt.EventQueue::dispatchEventImpl@95 (line 782)
  0x000002212bc75580: 0748 8934 | 2448 897c 

  0x000002212bc75588: ;   {runtime_call throw_range_check_failed Runtime1 stub}
  0x000002212bc75588: 2408 e871 

  0x000002212bc7558c: ; ImmutableOopMap {rdx=Oop rdi=Oop }
                      ;*aaload {reexecute=0 rethrow=0 return_oop=0}
                      ; - java.awt.EventQueue::noEvents@12 (line 534)
                      ; - java.awt.EventQueue::dispatchEventImpl@95 (line 782)
                      ;   {runtime_call throw_null_pointer_exception Runtime1 stub}
  0x000002212bc7558c: a52e 07e8 

  0x000002212bc75590: ; ImmutableOopMap {rdx=Oop }
                      ;*getfield head {reexecute=1 rethrow=0 return_oop=0}
                      ; - (reexecute) java.awt.EventQueue::noEvents@13 (line 534)
                      ; - java.awt.EventQueue::dispatchEventImpl@95 (line 782)
  0x000002212bc75590: 6cae 2e07 

  0x000002212bc75594: ;   {metadata({method} {0x0000022144691c68} 'noEvents' '()Z' in 'java/awt/EventQueue')}
  0x000002212bc75594: 49ba 601c | 6944 2102 | 0000 4c89 | 5424 0848 | c704 2418 

  0x000002212bc755a8: ;   {runtime_call counter_overflow Runtime1 stub}
  0x000002212bc755a8: 0000 00e8 

  0x000002212bc755ac: ; ImmutableOopMap {rdx=Oop }
                      ;*goto {reexecute=1 rethrow=0 return_oop=0}
                      ; - (reexecute) java.awt.EventQueue::noEvents@24 (line 533)
                      ; - java.awt.EventQueue::dispatchEventImpl@95 (line 782)
  0x000002212bc755ac: 50ff 2e07 | e9e5 f0ff 

  0x000002212bc755b4: ;   {metadata({method} {0x0000022144690a38} 'getEventLog' '()Lsun/util/logging/PlatformLogger;' in 'java/awt/EventQueue')}
  0x000002212bc755b4: ff49 ba30 | 0a69 4421 | 0200 004c | 8954 2408 | 48c7 0424 | ffff ffff 

  0x000002212bc755cc: ;   {runtime_call counter_overflow Runtime1 stub}
  0x000002212bc755cc: e82f ff2e 

  0x000002212bc755d0: ; ImmutableOopMap {[168]=Oop }
                      ;*synchronization entry
                      ; - java.awt.EventQueue::getEventLog@-1 (line 188)
                      ; - java.awt.EventQueue::dispatchEventImpl@111 (line 786)
  0x000002212bc755d0: 07e9 8df1 | ffff 418b | 5078 48c1 | e203 4883 | fa00 0f84 | fbf1 ffff | 4889 1424 

  0x000002212bc755ec: ;   {runtime_call g1_pre_barrier_slow}
  0x000002212bc755ec: e80f 052f | 07e9 edf1 | ffff 4883 | f800 0f84 | 08f2 ffff | 4c89 0424 

  0x000002212bc75604: ;   {runtime_call g1_post_barrier_slow}
  0x000002212bc75604: e8f7 072f | 07e9 faf1 

  0x000002212bc7560c: ;   {runtime_call throw_null_pointer_exception Runtime1 stub}
  0x000002212bc7560c: ffff e8ed 

  0x000002212bc75610: ; ImmutableOopMap {r8=Oop [168]=Oop }
                      ;*invokevirtual isLoggable {reexecute=0 rethrow=0 return_oop=0}
                      ; - java.awt.EventQueue::dispatchEventImpl@117 (line 786)
                      ;   {metadata({method} {0x000002214478e2d8} 'isLoggable' '(Lsun/util/logging/PlatformLogger$Level;)Z' in 'sun/util/logging/PlatformLogger')}
  0x000002212bc75610: ad2e 0749 | bad0 e278 | 4421 0200 | 004c 8954 | 2408 48c7 | 0424 ffff 

  0x000002212bc75628: ;   {runtime_call counter_overflow Runtime1 stub}
  0x000002212bc75628: ffff e8d1 

  0x000002212bc7562c: ; ImmutableOopMap {r8=Oop [168]=Oop }
                      ;*synchronization entry
                      ; - sun.util.logging.PlatformLogger::isLoggable@-1 (line 336)
                      ; - java.awt.EventQueue::dispatchEventImpl@117 (line 786)
  0x000002212bc7562c: fe2e 07e9 | 36f2 ffff 

  0x000002212bc75634: ;   {runtime_call throw_null_pointer_exception Runtime1 stub}
  0x000002212bc75634: e8c7 ad2e 

  0x000002212bc75638: ; ImmutableOopMap {rdx=Oop [168]=Oop }
                      ;*invokeinterface isLoggable {reexecute=0 rethrow=0 return_oop=0}
                      ; - sun.util.logging.PlatformLogger::isLoggable@17 (line 340)
                      ; - java.awt.EventQueue::dispatchEventImpl@117 (line 786)
                      ;   {metadata({method} {0x0000022144690a38} 'getEventLog' '()Lsun/util/logging/PlatformLogger;' in 'java/awt/EventQueue')}
  0x000002212bc75638: 0749 ba30 | 0a69 4421 | 0200 004c | 8954 2408 | 48c7 0424 | ffff ffff 

  0x000002212bc75650: ;   {runtime_call counter_overflow Runtime1 stub}
  0x000002212bc75650: e8ab fe2e 

  0x000002212bc75654: ; ImmutableOopMap {[168]=Oop }
                      ;*synchronization entry
                      ; - java.awt.EventQueue::getEventLog@-1 (line 188)
                      ; - java.awt.EventQueue::dispatchEventImpl@123 (line 787)
  0x000002212bc75654: 07e9 44f3 | ffff 8b72 | 7848 c1e6 | 0348 83fe | 000f 84b8 | f3ff ff48 

  0x000002212bc7566c: ;   {runtime_call g1_pre_barrier_slow}
  0x000002212bc7566c: 8934 24e8 | 8c04 2f07 | e9aa f3ff | ff48 83f8 | 000f 84c5 | f3ff ff48 

  0x000002212bc75684: ;   {runtime_call g1_post_barrier_slow}
  0x000002212bc75684: 8914 24e8 | 7407 2f07 | e9b7 f3ff 

  0x000002212bc75690: ;   {metadata({method} {0x000002214400ff48} 'valueOf' '(Ljava/lang/Object;)Ljava/lang/String;' in 'java/lang/String')}
  0x000002212bc75690: ff49 ba40 | ff00 4421 | 0200 004c | 8954 2408 | 48c7 0424 | ffff ffff 

  0x000002212bc756a8: ;   {runtime_call counter_overflow Runtime1 stub}
  0x000002212bc756a8: e853 fe2e 

  0x000002212bc756ac: ; ImmutableOopMap {rsi=Oop r8=Oop [168]=Oop [184]=Oop }
                      ;*synchronization entry
                      ; - java.lang.String::valueOf@-1 (line 4507)
                      ; - java.awt.EventQueue::dispatchEventImpl@127 (line 787)
  0x000002212bc756ac: 07e9 f0f3 | ffff 49b8 | 0000 0000 | 0000 0000 | b800 0f05 

  0x000002212bc756c0: ;   {runtime_call load_appendix_patching Runtime1 stub}
  0x000002212bc756c0: 0ae8 baf6 

  0x000002212bc756c4: ; ImmutableOopMap {rdi=Oop [184]=Oop }
                      ;*invokedynamic {reexecute=1 rethrow=0 return_oop=0}
                      ; - (reexecute) java.awt.EventQueue::dispatchEventImpl@130 (line 787)
  0x000002212bc756c4: 2e07 e9c5 

  0x000002212bc756c8: ;   {runtime_call throw_null_pointer_exception Runtime1 stub}
  0x000002212bc756c8: f4ff ffe8 

  0x000002212bc756cc: ; ImmutableOopMap {rax=Oop rsi=Oop [184]=Oop }
                      ;*invokevirtual fine {reexecute=0 rethrow=0 return_oop=0}
                      ; - java.awt.EventQueue::dispatchEventImpl@135 (line 787)
  0x000002212bc756cc: 30ad 2e07 

  0x000002212bc756d0: ;   {metadata({method} {0x000002214478ef30} 'fine' '(Ljava/lang/String;)V' in 'sun/util/logging/PlatformLogger')}
  0x000002212bc756d0: 49ba 28ef | 7844 2102 | 0000 4c89 | 5424 0848 | c704 24ff 

  0x000002212bc756e4: ;   {runtime_call counter_overflow Runtime1 stub}
  0x000002212bc756e4: ffff ffe8 

  0x000002212bc756e8: ; ImmutableOopMap {rax=Oop rsi=Oop [184]=Oop }
                      ;*synchronization entry
                      ; - sun.util.logging.PlatformLogger::fine@-1 (line 449)
                      ; - java.awt.EventQueue::dispatchEventImpl@135 (line 787)
  0x000002212bc756e8: 14fe 2e07 | e939 f5ff 

  0x000002212bc756f0: ;   {runtime_call throw_null_pointer_exception Runtime1 stub}
  0x000002212bc756f0: ffe8 0aad 

  0x000002212bc756f4: ; ImmutableOopMap {rax=Oop rdx=Oop }
                      ;*invokeinterface log {reexecute=0 rethrow=0 return_oop=0}
                      ; - sun.util.logging.PlatformLogger::fine@12 (line 449)
                      ; - java.awt.EventQueue::dispatchEventImpl@135 (line 787)
                      ;   {internal_word}
  0x000002212bc756f4: 2e07 49ba | f44c c72b | 2102 0000 | 4d89 9770 

  0x000002212bc75704: ;   {runtime_call SafepointBlob}
  0x000002212bc75704: 0400 00e9 | f4ff 2207 

  0x000002212bc7570c: ;   {runtime_call throw_null_pointer_exception Runtime1 stub}
  0x000002212bc7570c: e8ef ac2e 

  0x000002212bc75710: ; ImmutableOopMap {r8=Oop }
                      ;*invokevirtual stopDispatching {reexecute=0 rethrow=0 return_oop=0}
                      ; - java.awt.EventQueue::dispatchEventImpl@105 (line 783)
                      ;   {metadata({method} {0x000002214489e950} 'stopDispatching' '()V' in 'java/awt/EventDispatchThread')}
  0x000002212bc75710: 0749 ba48 | e989 4421 | 0200 004c | 8954 2408 | 48c7 0424 | ffff ffff 

  0x000002212bc75728: ;   {runtime_call counter_overflow Runtime1 stub}
  0x000002212bc75728: e8d3 fd2e 

  0x000002212bc7572c: ; ImmutableOopMap {r8=Oop }
                      ;*synchronization entry
                      ; - java.awt.EventDispatchThread::stopDispatching@-1 (line 85)
                      ; - java.awt.EventQueue::dispatchEventImpl@105 (line 783)
  0x000002212bc7572c: 07e9 28f6 

  0x000002212bc75730: ;   {internal_word}
  0x000002212bc75730: ffff 49ba | 824d c72b | 2102 0000 | 4d89 9770 

  0x000002212bc75740: ;   {runtime_call SafepointBlob}
  0x000002212bc75740: 0400 00e9 | b8ff 2207 | 4c89 0c24 

  0x000002212bc7574c: ;   {runtime_call throw_class_cast_exception Runtime1 stub}
  0x000002212bc7574c: e8af d02e 

  0x000002212bc75750: ; ImmutableOopMap {r8=Oop [168]=Oop }
                      ;*checkcast {reexecute=0 rethrow=0 return_oop=0}
                      ; - java.awt.EventQueue::dispatchEventImpl@77 (line 780)
                      ;   {runtime_call throw_null_pointer_exception Runtime1 stub}
  0x000002212bc75750: 07e8 aaac 

  0x000002212bc75754: ; ImmutableOopMap {r8=Oop rdx=Oop [168]=Oop }
                      ;*invokevirtual dispatchEvent {reexecute=0 rethrow=0 return_oop=0}
                      ; - java.awt.EventQueue::dispatchEventImpl@81 (line 780)
                      ;   {internal_word}
  0x000002212bc75754: 2e07 49ba | 054f c72b | 2102 0000 | 4d89 9770 

  0x000002212bc75764: ;   {runtime_call SafepointBlob}
  0x000002212bc75764: 0400 00e9 | 94ff 2207 | 4c89 0c24 

  0x000002212bc75770: ;   {runtime_call throw_class_cast_exception Runtime1 stub}
  0x000002212bc75770: e88b d02e 

  0x000002212bc75774: ; ImmutableOopMap {r8=Oop [168]=Oop }
                      ;*checkcast {reexecute=0 rethrow=0 return_oop=0}
                      ; - java.awt.EventQueue::dispatchEventImpl@59 (line 778)
                      ;   {runtime_call throw_null_pointer_exception Runtime1 stub}
  0x000002212bc75774: 07e8 86ac 

  0x000002212bc75778: ; ImmutableOopMap {r8=Oop rdx=Oop [168]=Oop }
                      ;*invokevirtual dispatchEvent {reexecute=0 rethrow=0 return_oop=0}
                      ; - java.awt.EventQueue::dispatchEventImpl@63 (line 778)
                      ;   {internal_word}
  0x000002212bc75778: 2e07 49ba | 8550 c72b | 2102 0000 | 4d89 9770 

  0x000002212bc75788: ;   {runtime_call SafepointBlob}
  0x000002212bc75788: 0400 00e9 | 70ff 2207 | 4c89 0424 

  0x000002212bc75794: ;   {runtime_call throw_class_cast_exception Runtime1 stub}
  0x000002212bc75794: e867 d02e 

  0x000002212bc75798: ; ImmutableOopMap {}
                      ;*checkcast {reexecute=0 rethrow=0 return_oop=0}
                      ; - java.awt.EventQueue::dispatchEventImpl@18 (line 773)
                      ;   {runtime_call throw_null_pointer_exception Runtime1 stub}
  0x000002212bc75798: 07e8 62ac 

  0x000002212bc7579c: ; ImmutableOopMap {rdx=Oop }
                      ;*invokeinterface dispatch {reexecute=0 rethrow=0 return_oop=0}
                      ; - java.awt.EventQueue::dispatchEventImpl@21 (line 773)
                      ;   {internal_word}
  0x000002212bc7579c: 2e07 49ba | 4c52 c72b | 2102 0000 | 4d89 9770 

  0x000002212bc757ac: ;   {runtime_call SafepointBlob}
  0x000002212bc757ac: 0400 00e9 | 4cff 2207 

  0x000002212bc757b4: ;   {metadata(nullptr)}
  0x000002212bc757b4: 48ba 0000 | 0000 0000 | 0000 b800 

  0x000002212bc757c0: ;   {runtime_call load_klass_patching Runtime1 stub}
  0x000002212bc757c0: 0f05 0ae8 

  0x000002212bc757c4: ; ImmutableOopMap {[168]=Oop }
                      ;*new {reexecute=1 rethrow=0 return_oop=0}
                      ; - (reexecute) java.lang.invoke.MethodHandles::lookup@8 (line 129)
                      ; - sun.awt.AWTAccessor::ensureClassInitialized@0 (line 1489)
                      ; - sun.awt.AWTAccessor::getInputEventAccessor@10 (line 988)
                      ; - java.awt.AWTEvent::dispatched@7 (line 596)
                      ; - java.awt.EventQueue::dispatchEventImpl@45 (line 776)
  0x000002212bc757c4: b8ec 2e07 | e993 faff | ff48 8bd2 

  0x000002212bc757d0: ;   {runtime_call new_instance Runtime1 stub}
  0x000002212bc757d0: e82b b22e 

  0x000002212bc757d4: ; ImmutableOopMap {[168]=Oop }
                      ;*new {reexecute=0 rethrow=0 return_oop=0}
                      ; - java.lang.invoke.MethodHandles::lookup@8 (line 129)
                      ; - sun.awt.AWTAccessor::ensureClassInitialized@0 (line 1489)
                      ; - sun.awt.AWTAccessor::getInputEventAccessor@10 (line 988)
                      ; - java.awt.AWTEvent::dispatched@7 (line 596)
                      ; - java.awt.EventQueue::dispatchEventImpl@45 (line 776)
  0x000002212bc757d4: 07e9 95fa | ffff 4c89 

  0x000002212bc757dc: ;   {runtime_call throw_class_cast_exception Runtime1 stub}
  0x000002212bc757dc: 0424 e81d 

  0x000002212bc757e0: ; ImmutableOopMap {rsi=Oop }
                      ;*checkcast {reexecute=0 rethrow=0 return_oop=0}
                      ; - java.awt.AWTEvent::dispatched@11 (line 596)
                      ; - java.awt.EventQueue::dispatchEventImpl@45 (line 776)
                      ;   {runtime_call throw_incompatible_class_change_error Runtime1 stub}
  0x000002212bc757e0: d02e 07e8 

  0x000002212bc757e4: ; ImmutableOopMap {rsi=Oop rdi=Oop }
                      ;*invokeinterface setCanAccessSystemClipboard {reexecute=0 rethrow=0 return_oop=0}
                      ; - java.awt.AWTEvent::dispatched@15 (line 597)
                      ; - java.awt.EventQueue::dispatchEventImpl@45 (line 776)
  0x000002212bc757e4: 18d3 2e07 

  0x000002212bc757e8: ;   {runtime_call throw_null_pointer_exception Runtime1 stub}
  0x000002212bc757e8: e813 ac2e 

  0x000002212bc757ec: ; ImmutableOopMap {rsi=Oop rdi=Oop }
                      ;*invokeinterface setCanAccessSystemClipboard {reexecute=0 rethrow=0 return_oop=0}
                      ; - java.awt.AWTEvent::dispatched@15 (line 597)
                      ; - java.awt.EventQueue::dispatchEventImpl@45 (line 776)
                      ;   {metadata({method} {0x00000221448006e0} 'setCanAccessSystemClipboard' '(Ljava/awt/event/InputEvent;Z)V' in 'java/awt/event/InputEvent$1')}
  0x000002212bc757ec: 0749 bad8 | 0680 4421 | 0200 004c | 8954 2408 | 48c7 0424 | ffff ffff 

  0x000002212bc75804: ;   {runtime_call counter_overflow Runtime1 stub}
  0x000002212bc75804: e8f7 fc2e 

  0x000002212bc75808: ; ImmutableOopMap {rdi=Oop }
                      ;*synchronization entry
                      ; - java.awt.event.InputEvent$1::setCanAccessSystemClipboard@-1 (line 338)
                      ; - java.awt.AWTEvent::dispatched@15 (line 597)
                      ; - java.awt.EventQueue::dispatchEventImpl@45 (line 776)
  0x000002212bc75808: 07e9 17fc 

  0x000002212bc7580c: ;   {runtime_call throw_null_pointer_exception Runtime1 stub}
  0x000002212bc7580c: ffff e8ed 

  0x000002212bc75810: ; ImmutableOopMap {}
                      ;*putfield canAccessSystemClipboard {reexecute=1 rethrow=0 return_oop=0}
                      ; - (reexecute) java.awt.event.InputEvent$1::setCanAccessSystemClipboard@2 (line 338)
                      ; - java.awt.AWTEvent::dispatched@15 (line 597)
                      ; - java.awt.EventQueue::dispatchEventImpl@45 (line 776)
                      ;   {internal_word}
  0x000002212bc75810: ab2e 0749 | ba41 54c7 | 2b21 0200 | 004d 8997 | 7004 0000 

  0x000002212bc75824: ;   {runtime_call SafepointBlob}
  0x000002212bc75824: e9d7 fe22 | 0749 8b87 | 0805 0000 | 49c7 8708 | 0500 0000 | 0000 0049 | c787 1005 | 0000 0000 
  0x000002212bc75844: 0000 4881 | c4d0 0000 

  0x000002212bc7584c: ;   {runtime_call unwind_exception Runtime1 stub}
  0x000002212bc7584c: 005d e9ad | 9c2e 07f4 | f4f4 f4f4 
[Stub Code]
  0x000002212bc75858: ;   {no_reloc}
  0x000002212bc75858: 0f1f 4400 

  0x000002212bc7585c: ;   {static_stub}
  0x000002212bc7585c: 0048 bb00 | 0000 0000 

  0x000002212bc75864: ;   {runtime_call}
  0x000002212bc75864: 0000 00e9 | fbff ffff 

  0x000002212bc7586c: ;   {static_stub}
  0x000002212bc7586c: 9048 bb00 | 0000 0000 

  0x000002212bc75874: ;   {runtime_call}
  0x000002212bc75874: 0000 00e9 | fbff ffff 

  0x000002212bc7587c: ;   {static_stub}
  0x000002212bc7587c: 9048 bb00 | 0000 0000 

  0x000002212bc75884: ;   {runtime_call}
  0x000002212bc75884: 0000 00e9 | fbff ffff 

  0x000002212bc7588c: ;   {static_stub}
  0x000002212bc7588c: 9048 bb00 | 0000 0000 

  0x000002212bc75894: ;   {runtime_call}
  0x000002212bc75894: 0000 00e9 | fbff ffff 

  0x000002212bc7589c: ;   {static_stub}
  0x000002212bc7589c: 9048 bb00 | 0000 0000 

  0x000002212bc758a4: ;   {runtime_call}
  0x000002212bc758a4: 0000 00e9 | fbff ffff 

  0x000002212bc758ac: ;   {static_stub}
  0x000002212bc758ac: 9048 bb00 | 0000 0000 

  0x000002212bc758b4: ;   {runtime_call}
  0x000002212bc758b4: 0000 00e9 | fbff ffff 

  0x000002212bc758bc: ;   {static_stub}
  0x000002212bc758bc: 9048 bb00 | 0000 0000 

  0x000002212bc758c4: ;   {runtime_call}
  0x000002212bc758c4: 0000 00e9 | fbff ffff 

  0x000002212bc758cc: ;   {static_stub}
  0x000002212bc758cc: 9048 bb00 | 0000 0000 

  0x000002212bc758d4: ;   {runtime_call}
  0x000002212bc758d4: 0000 00e9 | fbff ffff 

  0x000002212bc758dc: ;   {static_stub}
  0x000002212bc758dc: 9048 bb00 | 0000 0000 

  0x000002212bc758e4: ;   {runtime_call}
  0x000002212bc758e4: 0000 00e9 | fbff ffff 

  0x000002212bc758ec: ;   {static_stub}
  0x000002212bc758ec: 48bb 0000 | 0000 0000 

  0x000002212bc758f4: ;   {runtime_call}
  0x000002212bc758f4: 0000 e9fb 

  0x000002212bc758f8: ;   {static_stub}
  0x000002212bc758f8: ffff ff48 | bb00 0000 | 0000 0000 

  0x000002212bc75904: ;   {runtime_call}
  0x000002212bc75904: 00e9 fbff 

  0x000002212bc75908: ;   {static_stub}
  0x000002212bc75908: ffff 48bb | 0000 0000 | 0000 0000 

  0x000002212bc75914: ;   {runtime_call}
  0x000002212bc75914: e9fb ffff 

  0x000002212bc75918: ;   {static_stub}
  0x000002212bc75918: ff48 bb00 | 0000 0000 

  0x000002212bc75920: ;   {runtime_call}
  0x000002212bc75920: 0000 00e9 | fbff ffff 

  0x000002212bc75928: ;   {static_stub}
  0x000002212bc75928: 48bb 0000 | 0000 0000 

  0x000002212bc75930: ;   {runtime_call}
  0x000002212bc75930: 0000 e9fb 

  0x000002212bc75934: ;   {runtime_call handle_exception_from_callee Runtime1 stub}
  0x000002212bc75934: ffff ffe8 | c4c8 2e07 

  0x000002212bc7593c: ;   {external_word}
  0x000002212bc7593c: 48b9 78b1 | a3c2 fd7f | 0000 4883 

  0x000002212bc75948: ;   {runtime_call}
  0x000002212bc75948: e4f0 48b8 | a0fe 65c2 | fd7f 0000 

  0x000002212bc75954: ;   {section_word}
  0x000002212bc75954: ffd0 f449 | ba57 59c7 | 2b21 0200 

  0x000002212bc75960: ;   {runtime_call DeoptimizationBlob}
  0x000002212bc75960: 0041 52e9 | 38f0 2207 
[/MachCode]


---------------  P R O C E S S  ---------------

Threads class SMR info:
_java_thread_list=0x00000221498aa5d0, length=18, elements={
0x0000022143232da0, 0x0000022143233900, 0x000002214325a510, 0x0000022143267350,
0x0000022143269dc0, 0x000002214327e960, 0x00000221432833e0, 0x0000022143287390,
0x0000022143435230, 0x00000221434400e0, 0x0000022143938ed0, 0x0000022143939540,
0x000002214393c8f0, 0x0000022143945410, 0x0000022125d7cd40, 0x0000022143e8b320,
0x00000221432d2e00, 0x0000022149722320
}

Java Threads: ( => current thread )
  0x0000022143232da0 JavaThread "Reference Handler"          daemon [_thread_blocked, id=22904, stack(0x000000aadef00000,0x000000aadf000000) (1024K)]
  0x0000022143233900 JavaThread "Finalizer"                  daemon [_thread_blocked, id=2440, stack(0x000000aadf000000,0x000000aadf100000) (1024K)]
  0x000002214325a510 JavaThread "Signal Dispatcher"          daemon [_thread_blocked, id=18708, stack(0x000000aadf100000,0x000000aadf200000) (1024K)]
  0x0000022143267350 JavaThread "Attach Listener"            daemon [_thread_blocked, id=31320, stack(0x000000aadf200000,0x000000aadf300000) (1024K)]
  0x0000022143269dc0 JavaThread "Service Thread"             daemon [_thread_blocked, id=34680, stack(0x000000aadf300000,0x000000aadf400000) (1024K)]
  0x000002214327e960 JavaThread "Monitor Deflation Thread"   daemon [_thread_blocked, id=21120, stack(0x000000aadf400000,0x000000aadf500000) (1024K)]
  0x00000221432833e0 JavaThread "C2 CompilerThread0"         daemon [_thread_blocked, id=8696, stack(0x000000aadf500000,0x000000aadf600000) (1024K)]
  0x0000022143287390 JavaThread "C1 CompilerThread0"         daemon [_thread_blocked, id=17060, stack(0x000000aadf600000,0x000000aadf700000) (1024K)]
  0x0000022143435230 JavaThread "Notification Thread"        daemon [_thread_blocked, id=4852, stack(0x000000aadf800000,0x000000aadf900000) (1024K)]
  0x00000221434400e0 JavaThread "Common-Cleaner"             daemon [_thread_blocked, id=8824, stack(0x000000aadf900000,0x000000aadfa00000) (1024K)]
  0x0000022143938ed0 JavaThread "Java2D Disposer"            daemon [_thread_blocked, id=13616, stack(0x000000aadfb00000,0x000000aadfc00000) (1024K)]
  0x0000022143939540 JavaThread "AWT-Shutdown"                      [_thread_blocked, id=11712, stack(0x000000aadfc00000,0x000000aadfd00000) (1024K)]
  0x000002214393c8f0 JavaThread "AWT-Windows"                daemon [_thread_in_native, id=23412, stack(0x000000aadfd00000,0x000000aadfe00000) (1024K)]
=>0x0000022143945410 JavaThread "AWT-EventQueue-0"                  [_thread_in_native, id=25032, stack(0x000000aadfe00000,0x000000aadff00000) (1024K)]
  0x0000022125d7cd40 JavaThread "DestroyJavaVM"                     [_thread_blocked, id=10092, stack(0x000000aade700000,0x000000aade800000) (1024K)]
  0x0000022143e8b320 JavaThread "TimerQueue"                 daemon [_thread_blocked, id=20896, stack(0x000000aae0100000,0x000000aae0200000) (1024K)]
  0x00000221432d2e00 JavaThread "mysql-cj-abandoned-connection-cleanup" daemon [_thread_blocked, id=5312, stack(0x000000aae0200000,0x000000aae0300000) (1024K)]
  0x0000022149722320 JavaThread "C1 CompilerThread1"         daemon [_thread_blocked, id=42400, stack(0x000000aade500000,0x000000aade600000) (1024K)]
Total: 18

Other Threads:
  0x00000221431bc460 VMThread "VM Thread"                           [id=9420, stack(0x000000aadee00000,0x000000aadef00000) (1024K)]
  0x0000022143169eb0 WatcherThread "VM Periodic Task Thread"        [id=21964, stack(0x000000aaded00000,0x000000aadee00000) (1024K)]
  0x0000022127f749a0 WorkerThread "GC Thread#0"                     [id=15668, stack(0x000000aade800000,0x000000aade900000) (1024K)]
  0x0000022149a3e6b0 WorkerThread "GC Thread#1"                     [id=31456, stack(0x000000aae0600000,0x000000aae0700000) (1024K)]
  0x0000022149de3620 WorkerThread "GC Thread#2"                     [id=14052, stack(0x000000aae0700000,0x000000aae0800000) (1024K)]
  0x0000022149a3af90 WorkerThread "GC Thread#3"                     [id=17848, stack(0x000000aae0800000,0x000000aae0900000) (1024K)]
  0x0000022149a3b340 WorkerThread "GC Thread#4"                     [id=932, stack(0x000000aae0900000,0x000000aae0a00000) (1024K)]
  0x0000022149a3b6f0 WorkerThread "GC Thread#5"                     [id=25740, stack(0x000000aae0a00000,0x000000aae0b00000) (1024K)]
  0x0000022149ab97e0 WorkerThread "GC Thread#6"                     [id=7516, stack(0x000000aae0b00000,0x000000aae0c00000) (1024K)]
  0x0000022149bcac40 WorkerThread "GC Thread#7"                     [id=14236, stack(0x000000aae0c00000,0x000000aae0d00000) (1024K)]
  0x0000022149bcb400 WorkerThread "GC Thread#8"                     [id=28088, stack(0x000000aae0d00000,0x000000aae0e00000) (1024K)]
  0x0000022149bcbbc0 WorkerThread "GC Thread#9"                     [id=31692, stack(0x000000aae0e00000,0x000000aae0f00000) (1024K)]
  0x00000221497db500 WorkerThread "GC Thread#10"                    [id=7888, stack(0x000000aae1000000,0x000000aae1100000) (1024K)]
  0x00000221497db8b0 WorkerThread "GC Thread#11"                    [id=16352, stack(0x000000aae1100000,0x000000aae1200000) (1024K)]
  0x0000022149d0a7d0 WorkerThread "GC Thread#12"                    [id=27756, stack(0x000000aae0f00000,0x000000aae1000000) (1024K)]
  0x0000022127f85550 ConcurrentGCThread "G1 Main Marker"            [id=15928, stack(0x000000aade900000,0x000000aadea00000) (1024K)]
  0x0000022127f86060 WorkerThread "G1 Conc#0"                       [id=29528, stack(0x000000aadea00000,0x000000aadeb00000) (1024K)]
  0x0000022149806450 WorkerThread "G1 Conc#1"                       [id=13212, stack(0x000000aae1200000,0x000000aae1300000) (1024K)]
  0x0000022149ab3580 WorkerThread "G1 Conc#2"                       [id=14936, stack(0x000000aae1300000,0x000000aae1400000) (1024K)]
  0x000002214303e420 ConcurrentGCThread "G1 Refine#0"               [id=3316, stack(0x000000aadeb00000,0x000000aadec00000) (1024K)]
  0x000002214303efa0 ConcurrentGCThread "G1 Service"                [id=33692, stack(0x000000aadec00000,0x000000aaded00000) (1024K)]
Total: 21

Threads with active compile tasks:
Total: 0

VM state: not at safepoint (normal execution)

VM Mutex/Monitor currently owned by a thread: None

Heap address: 0x0000000704400000, size: 4028 MB, Compressed Oops mode: Zero based, Oop shift amount: 3

CDS archive(s) not mapped
Compressed class space mapped at: 0x0000000099000000-0x00000000d9000000, reserved size: 1073741824
Narrow klass base: 0x0000000000000000, Narrow klass shift: 0, Narrow klass range: 0xd9000000

GC Precious Log:
 CardTable entry size: 512
 Card Set container configuration: InlinePtr #cards 4 size 8 Array Of Cards #cards 16 size 48 Howl #buckets 8 coarsen threshold 3686 Howl Bitmap #cards 512 size 80 coarsen threshold 460 Card regions per heap region 1 cards per card region 4096
 CPUs: 16 total, 16 available
 Memory: 16107M
 Large Page Support: Disabled
 NUMA Support: Disabled
 Compressed Oops: Enabled (Zero based)
 Heap Region Size: 2M
 Heap Min Capacity: 8M
 Heap Initial Capacity: 252M
 Heap Max Capacity: 4028M
 Pre-touch: Disabled
 Parallel Workers: 13
 Concurrent Workers: 3
 Concurrent Refinement Workers: 13
 Periodic GC: Disabled

Heap:
 garbage-first heap   total reserved 4124672K, committed 194560K, used 57140K [0x0000000704400000, 0x0000000800000000)
  region size 2048K, 2 young (4096K), 1 survivors (2048K)
 Metaspace       used 24430K, committed 24640K, reserved 1114112K
  class space    used 2485K, committed 2560K, reserved 1048576K

Heap Regions: E=young(eden), S=young(survivor), O=old, HS=humongous(starts), HC=humongous(continues), CS=collection set, F=free, TAMS=top-at-mark-start, PB=parsable bottom
|   0|0x0000000704400000, 0x0000000704600000, 0x0000000704600000|100%|HS|  |TAMS 0x0000000704400000| PB 0x0000000704400000| Complete |  0
|   1|0x0000000704600000, 0x0000000704800000, 0x0000000704800000|100%|HC|  |TAMS 0x0000000704600000| PB 0x0000000704600000| Complete |  0
|   2|0x0000000704800000, 0x0000000704a00000, 0x0000000704a00000|100%|HC|  |TAMS 0x0000000704800000| PB 0x0000000704800000| Complete |  0
|   3|0x0000000704a00000, 0x0000000704c00000, 0x0000000704c00000|100%|HC|  |TAMS 0x0000000704a00000| PB 0x0000000704a00000| Complete |  0
|   4|0x0000000704c00000, 0x0000000704e00000, 0x0000000704e00000|100%|HS|  |TAMS 0x0000000704c00000| PB 0x0000000704c00000| Complete |  0
|   5|0x0000000704e00000, 0x0000000705000000, 0x0000000705000000|100%|HS|  |TAMS 0x0000000704e00000| PB 0x0000000704e00000| Complete |  0
|   6|0x0000000705000000, 0x0000000705200000, 0x0000000705200000|100%|HC|  |TAMS 0x0000000705000000| PB 0x0000000705000000| Complete |  0
|   7|0x0000000705200000, 0x0000000705400000, 0x0000000705400000|100%| O|  |TAMS 0x0000000705200000| PB 0x0000000705200000| Untracked |  0
|   8|0x0000000705400000, 0x0000000705600000, 0x0000000705600000|100%|HS|  |TAMS 0x0000000705400000| PB 0x0000000705400000| Complete |  0
|   9|0x0000000705600000, 0x0000000705800000, 0x0000000705800000|100%|HS|  |TAMS 0x0000000705600000| PB 0x0000000705600000| Complete |  0
|  10|0x0000000705800000, 0x0000000705a00000, 0x0000000705a00000|100%|HC|  |TAMS 0x0000000705800000| PB 0x0000000705800000| Complete |  0
|  11|0x0000000705a00000, 0x0000000705c00000, 0x0000000705c00000|100%|HC|  |TAMS 0x0000000705a00000| PB 0x0000000705a00000| Complete |  0
|  12|0x0000000705c00000, 0x0000000705e00000, 0x0000000705e00000|100%|HC|  |TAMS 0x0000000705c00000| PB 0x0000000705c00000| Complete |  0
|  13|0x0000000705e00000, 0x0000000706000000, 0x0000000706000000|100%|HC|  |TAMS 0x0000000705e00000| PB 0x0000000705e00000| Complete |  0
|  14|0x0000000706000000, 0x0000000706200000, 0x0000000706200000|100%|HC|  |TAMS 0x0000000706000000| PB 0x0000000706000000| Complete |  0
|  15|0x0000000706200000, 0x0000000706400000, 0x0000000706400000|100%|HC|  |TAMS 0x0000000706200000| PB 0x0000000706200000| Complete |  0
|  16|0x0000000706400000, 0x0000000706600000, 0x0000000706600000|100%|HC|  |TAMS 0x0000000706400000| PB 0x0000000706400000| Complete |  0
|  17|0x0000000706600000, 0x0000000706800000, 0x0000000706800000|100%|HC|  |TAMS 0x0000000706600000| PB 0x0000000706600000| Complete |  0
|  18|0x0000000706800000, 0x0000000706a00000, 0x0000000706a00000|100%|HC|  |TAMS 0x0000000706800000| PB 0x0000000706800000| Complete |  0
|  19|0x0000000706a00000, 0x0000000706c00000, 0x0000000706c00000|100%|HC|  |TAMS 0x0000000706a00000| PB 0x0000000706a00000| Complete |  0
|  20|0x0000000706c00000, 0x0000000706e00000, 0x0000000706e00000|100%|HC|  |TAMS 0x0000000706c00000| PB 0x0000000706c00000| Complete |  0
|  21|0x0000000706e00000, 0x0000000707000000, 0x0000000707000000|100%|HC|  |TAMS 0x0000000706e00000| PB 0x0000000706e00000| Complete |  0
|  22|0x0000000707000000, 0x0000000707200000, 0x0000000707200000|100%|HC|  |TAMS 0x0000000707000000| PB 0x0000000707000000| Complete |  0
|  23|0x0000000707200000, 0x0000000707400000, 0x0000000707400000|100%|HC|  |TAMS 0x0000000707200000| PB 0x0000000707200000| Complete |  0
|  24|0x0000000707400000, 0x0000000707600000, 0x0000000707600000|100%|HC|  |TAMS 0x0000000707400000| PB 0x0000000707400000| Complete |  0
|  25|0x0000000707600000, 0x0000000707800000, 0x0000000707800000|100%| O|  |TAMS 0x0000000707600000| PB 0x0000000707600000| Untracked |  0
|  26|0x0000000707800000, 0x0000000707840f80, 0x0000000707a00000| 12%| O|  |TAMS 0x0000000707800000| PB 0x0000000707800000| Untracked |  0
|  27|0x0000000707a00000, 0x0000000707c00000, 0x0000000707c00000|100%|HS|  |TAMS 0x0000000707a00000| PB 0x0000000707a00000| Complete |  0
|  28|0x0000000707c00000, 0x0000000707c00000, 0x0000000707e00000|  0%| F|  |TAMS 0x0000000707c00000| PB 0x0000000707c00000| Untracked |  0
|  29|0x0000000707e00000, 0x0000000707e00000, 0x0000000708000000|  0%| F|  |TAMS 0x0000000707e00000| PB 0x0000000707e00000| Untracked |  0
|  30|0x0000000708000000, 0x0000000708000000, 0x0000000708200000|  0%| F|  |TAMS 0x0000000708000000| PB 0x0000000708000000| Untracked |  0
|  31|0x0000000708200000, 0x0000000708200000, 0x0000000708400000|  0%| F|  |TAMS 0x0000000708200000| PB 0x0000000708200000| Untracked |  0
|  32|0x0000000708400000, 0x0000000708400000, 0x0000000708600000|  0%| F|  |TAMS 0x0000000708400000| PB 0x0000000708400000| Untracked |  0
|  33|0x0000000708600000, 0x0000000708600000, 0x0000000708800000|  0%| F|  |TAMS 0x0000000708600000| PB 0x0000000708600000| Untracked |  0
|  34|0x0000000708800000, 0x0000000708800000, 0x0000000708a00000|  0%| F|  |TAMS 0x0000000708800000| PB 0x0000000708800000| Untracked |  0
|  35|0x0000000708a00000, 0x0000000708a00000, 0x0000000708c00000|  0%| F|  |TAMS 0x0000000708a00000| PB 0x0000000708a00000| Untracked |  0
|  36|0x0000000708c00000, 0x0000000708c00000, 0x0000000708e00000|  0%| F|  |TAMS 0x0000000708c00000| PB 0x0000000708c00000| Untracked |  0
|  37|0x0000000708e00000, 0x0000000708e00000, 0x0000000709000000|  0%| F|  |TAMS 0x0000000708e00000| PB 0x0000000708e00000| Untracked |  0
|  38|0x0000000709000000, 0x0000000709000000, 0x0000000709200000|  0%| F|  |TAMS 0x0000000709000000| PB 0x0000000709000000| Untracked |  0
|  39|0x0000000709200000, 0x0000000709200000, 0x0000000709400000|  0%| F|  |TAMS 0x0000000709200000| PB 0x0000000709200000| Untracked |  0
|  40|0x0000000709400000, 0x0000000709400000, 0x0000000709600000|  0%| F|  |TAMS 0x0000000709400000| PB 0x0000000709400000| Untracked |  0
|  41|0x0000000709600000, 0x0000000709600000, 0x0000000709800000|  0%| F|  |TAMS 0x0000000709600000| PB 0x0000000709600000| Untracked |  0
|  42|0x0000000709800000, 0x0000000709800000, 0x0000000709a00000|  0%| F|  |TAMS 0x0000000709800000| PB 0x0000000709800000| Untracked |  0
|  43|0x0000000709a00000, 0x0000000709a00000, 0x0000000709c00000|  0%| F|  |TAMS 0x0000000709a00000| PB 0x0000000709a00000| Untracked |  0
|  44|0x0000000709c00000, 0x0000000709c00000, 0x0000000709e00000|  0%| F|  |TAMS 0x0000000709c00000| PB 0x0000000709c00000| Untracked |  0
|  45|0x0000000709e00000, 0x0000000709e00000, 0x000000070a000000|  0%| F|  |TAMS 0x0000000709e00000| PB 0x0000000709e00000| Untracked |  0
|  46|0x000000070a000000, 0x000000070a000000, 0x000000070a200000|  0%| F|  |TAMS 0x000000070a000000| PB 0x000000070a000000| Untracked |  0
|  47|0x000000070a200000, 0x000000070a200000, 0x000000070a400000|  0%| F|  |TAMS 0x000000070a200000| PB 0x000000070a200000| Untracked |  0
|  48|0x000000070a400000, 0x000000070a400000, 0x000000070a600000|  0%| F|  |TAMS 0x000000070a400000| PB 0x000000070a400000| Untracked |  0
|  49|0x000000070a600000, 0x000000070a600000, 0x000000070a800000|  0%| F|  |TAMS 0x000000070a600000| PB 0x000000070a600000| Untracked |  0
|  50|0x000000070a800000, 0x000000070a800000, 0x000000070aa00000|  0%| F|  |TAMS 0x000000070a800000| PB 0x000000070a800000| Untracked |  0
|  51|0x000000070aa00000, 0x000000070aa00000, 0x000000070ac00000|  0%| F|  |TAMS 0x000000070aa00000| PB 0x000000070aa00000| Untracked |  0
|  52|0x000000070ac00000, 0x000000070ac00000, 0x000000070ae00000|  0%| F|  |TAMS 0x000000070ac00000| PB 0x000000070ac00000| Untracked |  0
|  53|0x000000070ae00000, 0x000000070ae00000, 0x000000070b000000|  0%| F|  |TAMS 0x000000070ae00000| PB 0x000000070ae00000| Untracked |  0
|  54|0x000000070b000000, 0x000000070b000000, 0x000000070b200000|  0%| F|  |TAMS 0x000000070b000000| PB 0x000000070b000000| Untracked |  0
|  55|0x000000070b200000, 0x000000070b200000, 0x000000070b400000|  0%| F|  |TAMS 0x000000070b200000| PB 0x000000070b200000| Untracked |  0
|  56|0x000000070b400000, 0x000000070b400000, 0x000000070b600000|  0%| F|  |TAMS 0x000000070b400000| PB 0x000000070b400000| Untracked |  0
|  57|0x000000070b600000, 0x000000070b600000, 0x000000070b800000|  0%| F|  |TAMS 0x000000070b600000| PB 0x000000070b600000| Untracked |  0
|  58|0x000000070b800000, 0x000000070b800000, 0x000000070ba00000|  0%| F|  |TAMS 0x000000070b800000| PB 0x000000070b800000| Untracked |  0
|  59|0x000000070ba00000, 0x000000070ba00000, 0x000000070bc00000|  0%| F|  |TAMS 0x000000070ba00000| PB 0x000000070ba00000| Untracked |  0
|  60|0x000000070bc00000, 0x000000070bc00000, 0x000000070be00000|  0%| F|  |TAMS 0x000000070bc00000| PB 0x000000070bc00000| Untracked |  0
|  61|0x000000070be00000, 0x000000070be00000, 0x000000070c000000|  0%| F|  |TAMS 0x000000070be00000| PB 0x000000070be00000| Untracked |  0
|  62|0x000000070c000000, 0x000000070c000000, 0x000000070c200000|  0%| F|  |TAMS 0x000000070c000000| PB 0x000000070c000000| Untracked |  0
|  63|0x000000070c200000, 0x000000070c200000, 0x000000070c400000|  0%| F|  |TAMS 0x000000070c200000| PB 0x000000070c200000| Untracked |  0
|  64|0x000000070c400000, 0x000000070c400000, 0x000000070c600000|  0%| F|  |TAMS 0x000000070c400000| PB 0x000000070c400000| Untracked |  0
|  65|0x000000070c600000, 0x000000070c600000, 0x000000070c800000|  0%| F|  |TAMS 0x000000070c600000| PB 0x000000070c600000| Untracked |  0
|  66|0x000000070c800000, 0x000000070c800000, 0x000000070ca00000|  0%| F|  |TAMS 0x000000070c800000| PB 0x000000070c800000| Untracked |  0
|  67|0x000000070ca00000, 0x000000070ca00000, 0x000000070cc00000|  0%| F|  |TAMS 0x000000070ca00000| PB 0x000000070ca00000| Untracked |  0
|  68|0x000000070cc00000, 0x000000070cc00000, 0x000000070ce00000|  0%| F|  |TAMS 0x000000070cc00000| PB 0x000000070cc00000| Untracked |  0
|  69|0x000000070ce00000, 0x000000070ce00000, 0x000000070d000000|  0%| F|  |TAMS 0x000000070ce00000| PB 0x000000070ce00000| Untracked |  0
|  70|0x000000070d000000, 0x000000070d000000, 0x000000070d200000|  0%| F|  |TAMS 0x000000070d000000| PB 0x000000070d000000| Untracked |  0
|  71|0x000000070d200000, 0x000000070d200000, 0x000000070d400000|  0%| F|  |TAMS 0x000000070d200000| PB 0x000000070d200000| Untracked |  0
|  72|0x000000070d400000, 0x000000070d400000, 0x000000070d600000|  0%| F|  |TAMS 0x000000070d400000| PB 0x000000070d400000| Untracked |  0
|  73|0x000000070d600000, 0x000000070d600000, 0x000000070d800000|  0%| F|  |TAMS 0x000000070d600000| PB 0x000000070d600000| Untracked |  0
|  74|0x000000070d800000, 0x000000070d800000, 0x000000070da00000|  0%| F|  |TAMS 0x000000070d800000| PB 0x000000070d800000| Untracked |  0
|  75|0x000000070da00000, 0x000000070da00000, 0x000000070dc00000|  0%| F|  |TAMS 0x000000070da00000| PB 0x000000070da00000| Untracked |  0
|  76|0x000000070dc00000, 0x000000070dc00000, 0x000000070de00000|  0%| F|  |TAMS 0x000000070dc00000| PB 0x000000070dc00000| Untracked |  0
|  77|0x000000070de00000, 0x000000070de00000, 0x000000070e000000|  0%| F|  |TAMS 0x000000070de00000| PB 0x000000070de00000| Untracked |  0
|  78|0x000000070e000000, 0x000000070e000000, 0x000000070e200000|  0%| F|  |TAMS 0x000000070e000000| PB 0x000000070e000000| Untracked |  0
|  79|0x000000070e200000, 0x000000070e200000, 0x000000070e400000|  0%| F|  |TAMS 0x000000070e200000| PB 0x000000070e200000| Untracked |  0
|  80|0x000000070e400000, 0x000000070e400000, 0x000000070e600000|  0%| F|  |TAMS 0x000000070e400000| PB 0x000000070e400000| Untracked |  0
|  81|0x000000070e600000, 0x000000070e600000, 0x000000070e800000|  0%| F|  |TAMS 0x000000070e600000| PB 0x000000070e600000| Untracked |  0
|  82|0x000000070e800000, 0x000000070e800000, 0x000000070ea00000|  0%| F|  |TAMS 0x000000070e800000| PB 0x000000070e800000| Untracked |  0
|  83|0x000000070ea00000, 0x000000070ea00000, 0x000000070ec00000|  0%| F|  |TAMS 0x000000070ea00000| PB 0x000000070ea00000| Untracked |  0
|  84|0x000000070ec00000, 0x000000070ec00000, 0x000000070ee00000|  0%| F|  |TAMS 0x000000070ec00000| PB 0x000000070ec00000| Untracked |  0
|  85|0x000000070ee00000, 0x000000070ee00000, 0x000000070f000000|  0%| F|  |TAMS 0x000000070ee00000| PB 0x000000070ee00000| Untracked |  0
|  86|0x000000070f000000, 0x000000070f000000, 0x000000070f200000|  0%| F|  |TAMS 0x000000070f000000| PB 0x000000070f000000| Untracked |  0
|  87|0x000000070f200000, 0x000000070f200000, 0x000000070f400000|  0%| F|  |TAMS 0x000000070f200000| PB 0x000000070f200000| Untracked |  0
|  88|0x000000070f400000, 0x000000070f400000, 0x000000070f600000|  0%| F|  |TAMS 0x000000070f400000| PB 0x000000070f400000| Untracked |  0
|  89|0x000000070f600000, 0x000000070f600000, 0x000000070f800000|  0%| F|  |TAMS 0x000000070f600000| PB 0x000000070f600000| Untracked |  0
|  90|0x000000070f800000, 0x000000070f800000, 0x000000070fa00000|  0%| F|  |TAMS 0x000000070f800000| PB 0x000000070f800000| Untracked |  0
|  91|0x000000070fa00000, 0x000000070fa00000, 0x000000070fc00000|  0%| F|  |TAMS 0x000000070fa00000| PB 0x000000070fa00000| Untracked |  0
|  92|0x000000070fc00000, 0x000000070fc00000, 0x000000070fe00000|  0%| F|  |TAMS 0x000000070fc00000| PB 0x000000070fc00000| Untracked |  0
| 120|0x0000000713400000, 0x000000071358c3b8, 0x0000000713600000| 77%| S|CS|TAMS 0x0000000713400000| PB 0x0000000713400000| Complete |  0
| 125|0x0000000713e00000, 0x0000000713eb6bd0, 0x0000000714000000| 35%| E|  |TAMS 0x0000000713e00000| PB 0x0000000713e00000| Complete |  0

Card table byte_map: [0x000002213ba60000,0x000002213c240000] _byte_map_base: 0x000002213823e000

Marking Bits: (CMBitMap*) 0x0000022127f750b0
 Bits: [0x000002213c240000, 0x0000022140130000)

Polling page: 0x00000221276d0000

Metaspace:

Usage:
  Non-class:     21.43 MB used.
      Class:      2.43 MB used.
       Both:     23.86 MB used.

Virtual space:
  Non-class space:       64.00 MB reserved,      21.56 MB ( 34%) committed,  1 nodes.
      Class space:        1.00 GB reserved,       2.50 MB ( <1%) committed,  1 nodes.
             Both:        1.06 GB reserved,      24.06 MB (  2%) committed. 

Chunk freelists:
   Non-Class:  10.33 MB
       Class:  13.50 MB
        Both:  23.83 MB

MaxMetaspaceSize: unlimited
CompressedClassSpaceSize: 1.00 GB
Initial GC threshold: 21.00 MB
Current GC threshold: 40.12 MB
CDS: off
 - commit_granule_bytes: 65536.
 - commit_granule_words: 8192.
 - virtual_space_node_default_size: 8388608.
 - enlarge_chunks_in_place: 1.
 - use_allocation_guard: 0.


Internal statistics:

num_allocs_failed_limit: 3.
num_arena_births: 260.
num_arena_deaths: 0.
num_vsnodes_births: 2.
num_vsnodes_deaths: 0.
num_space_committed: 385.
num_space_uncommitted: 0.
num_chunks_returned_to_freelist: 3.
num_chunks_taken_from_freelist: 505.
num_chunk_merges: 0.
num_chunk_splits: 283.
num_chunks_enlarged: 134.
num_inconsistent_stats: 0.

CodeHeap 'non-profiled nmethods': size=119168Kb used=856Kb max_used=871Kb free=118311Kb
 bounds [0x00000221335a0000, 0x0000022133810000, 0x000002213aa00000]
CodeHeap 'profiled nmethods': size=119104Kb used=5339Kb max_used=5367Kb free=113764Kb
 bounds [0x000002212ba00000, 0x000002212bf40000, 0x0000022132e50000]
CodeHeap 'non-nmethods': size=7488Kb used=2247Kb max_used=3387Kb free=5240Kb
 bounds [0x0000022132e50000, 0x00000221331b0000, 0x00000221335a0000]
 total_blobs=3451 nmethods=2724 adapters=629
 compilation: enabled
              stopped_count=0, restarted_count=0
 full_count=0

Compilation events (20 events):
Event: 1730.869 Thread 0x0000022143287390 2936       3       sun.font.GlyphList::startGlyphIteration (54 bytes)
Event: 1730.869 Thread 0x0000022149722320 2935       3       sun.font.GlyphList::mapChars (47 bytes)
Event: 1730.869 Thread 0x0000022143287390 nmethod 2936 0x000002212bba2d90 code [0x000002212bba2f80, 0x000002212bba32e8]
Event: 1730.869 Thread 0x0000022149722320 nmethod 2935 0x000002212bb75010 code [0x000002212bb751e0, 0x000002212bb755e0]
Event: 1730.869 Thread 0x0000022143287390 2937       3       sun.font.GlyphList::dispose (48 bytes)
Event: 1730.869 Thread 0x0000022143287390 nmethod 2937 0x000002212bc0c910 code [0x000002212bc0cac0, 0x000002212bc0cd70]
Event: 1730.871 Thread 0x0000022149722320 2939       3       sun.java2d.SunGraphics2D::clip (35 bytes)
Event: 1730.871 Thread 0x0000022149722320 nmethod 2939 0x000002212bd39910 code [0x000002212bd39ae0, 0x000002212bd39d50]
Event: 1730.876 Thread 0x0000022149722320 2940       3       sun.java2d.pipe.LCDTextRenderer::drawGlyphList (8 bytes)
Event: 1730.876 Thread 0x0000022143287390 2941       3       sun.java2d.pipe.GlyphListLoopPipe::drawGlyphList (88 bytes)
Event: 1730.876 Thread 0x0000022149722320 nmethod 2940 0x000002212bbb2390 code [0x000002212bbb2540, 0x000002212bbb26f8]
Event: 1730.876 Thread 0x0000022149722320 2942       3       sun.font.GlyphList::canContainColorGlyphs (4 bytes)
Event: 1730.877 Thread 0x0000022149722320 nmethod 2942 0x000002212ba9f010 code [0x000002212ba9f1a0, 0x000002212ba9f2a0]
Event: 1730.877 Thread 0x0000022149722320 2943       3       sun.java2d.pipe.GlyphListLoopPipe::drawGlyphListSegment (137 bytes)
Event: 1730.877 Thread 0x0000022143287390 nmethod 2941 0x000002212bb34890 code [0x000002212bb34a80, 0x000002212bb34eb8]
Event: 1730.877 Thread 0x0000022149722320 nmethod 2943 0x000002212bc61b90 code [0x000002212bc61da0, 0x000002212bc622d0]
Event: 1730.901 Thread 0x0000022149722320 2945       1       javax.swing.text.AbstractDocument$BranchElement::getElementCount (5 bytes)
Event: 1730.902 Thread 0x0000022149722320 nmethod 2945 0x0000022133642990 code [0x0000022133642b20, 0x0000022133642be8]
Event: 1730.902 Thread 0x0000022149722320 2946       3       javax.swing.text.PlainView::updateMetrics (121 bytes)
Event: 1730.904 Thread 0x0000022149722320 nmethod 2946 0x000002212bb77490 code [0x000002212bb77800, 0x000002212bb79400]

GC Heap History (16 events):
Event: 2.171 GC heap before
{Heap before GC invocations=0 (full 0):
 garbage-first heap   total reserved 4124672K, committed 258048K, used 38912K [0x0000000704400000, 0x0000000800000000)
  region size 2048K, 12 young (24576K), 0 survivors (0K)
 Metaspace       used 17762K, committed 17984K, reserved 1114112K
  class space    used 1811K, committed 1920K, reserved 1048576K
}
Event: 2.175 GC heap after
{Heap after GC invocations=1 (full 0):
 garbage-first heap   total reserved 4124672K, committed 258048K, used 18279K [0x0000000704400000, 0x0000000800000000)
  region size 2048K, 2 young (4096K), 2 survivors (4096K)
 Metaspace       used 17762K, committed 17984K, reserved 1114112K
  class space    used 1811K, committed 1920K, reserved 1048576K
}
Event: 5.742 GC heap before
{Heap before GC invocations=1 (full 0):
 garbage-first heap   total reserved 4124672K, committed 258048K, used 26471K [0x0000000704400000, 0x0000000800000000)
  region size 2048K, 7 young (14336K), 2 survivors (4096K)
 Metaspace       used 21350K, committed 21504K, reserved 1114112K
  class space    used 2158K, committed 2240K, reserved 1048576K
}
Event: 5.746 GC heap after
{Heap after GC invocations=2 (full 0):
 garbage-first heap   total reserved 4124672K, committed 258048K, used 19237K [0x0000000704400000, 0x0000000800000000)
  region size 2048K, 1 young (2048K), 1 survivors (2048K)
 Metaspace       used 21350K, committed 21504K, reserved 1114112K
  class space    used 2158K, committed 2240K, reserved 1048576K
}
Event: 6.899 GC heap before
{Heap before GC invocations=3 (full 0):
 garbage-first heap   total reserved 4124672K, committed 69632K, used 66341K [0x0000000704400000, 0x0000000800000000)
  region size 2048K, 9 young (18432K), 1 survivors (2048K)
 Metaspace       used 23051K, committed 23360K, reserved 1114112K
  class space    used 2346K, committed 2496K, reserved 1048576K
}
Event: 6.902 GC heap after
{Heap after GC invocations=4 (full 0):
 garbage-first heap   total reserved 4124672K, committed 71680K, used 52572K [0x0000000704400000, 0x0000000800000000)
  region size 2048K, 1 young (2048K), 1 survivors (2048K)
 Metaspace       used 23051K, committed 23360K, reserved 1114112K
  class space    used 2346K, committed 2496K, reserved 1048576K
}
Event: 6.916 GC heap before
{Heap before GC invocations=4 (full 0):
 garbage-first heap   total reserved 4124672K, committed 71680K, used 60764K [0x0000000704400000, 0x0000000800000000)
  region size 2048K, 6 young (12288K), 1 survivors (2048K)
 Metaspace       used 23054K, committed 23360K, reserved 1114112K
  class space    used 2346K, committed 2496K, reserved 1048576K
}
Event: 6.919 GC heap after
{Heap after GC invocations=5 (full 0):
 garbage-first heap   total reserved 4124672K, committed 71680K, used 52472K [0x0000000704400000, 0x0000000800000000)
  region size 2048K, 1 young (2048K), 1 survivors (2048K)
 Metaspace       used 23054K, committed 23360K, reserved 1114112K
  class space    used 2346K, committed 2496K, reserved 1048576K
}
Event: 6.933 GC heap before
{Heap before GC invocations=5 (full 0):
 garbage-first heap   total reserved 4124672K, committed 71680K, used 58616K [0x0000000704400000, 0x0000000800000000)
  region size 2048K, 5 young (10240K), 1 survivors (2048K)
 Metaspace       used 23054K, committed 23360K, reserved 1114112K
  class space    used 2346K, committed 2496K, reserved 1048576K
}
Event: 6.935 GC heap after
{Heap after GC invocations=6 (full 0):
 garbage-first heap   total reserved 4124672K, committed 71680K, used 52353K [0x0000000704400000, 0x0000000800000000)
  region size 2048K, 1 young (2048K), 1 survivors (2048K)
 Metaspace       used 23054K, committed 23360K, reserved 1114112K
  class space    used 2346K, committed 2496K, reserved 1048576K
}
Event: 7.111 GC heap before
{Heap before GC invocations=7 (full 0):
 garbage-first heap   total reserved 4124672K, committed 92160K, used 60545K [0x0000000704400000, 0x0000000800000000)
  region size 2048K, 5 young (10240K), 1 survivors (2048K)
 Metaspace       used 23756K, committed 24064K, reserved 1114112K
  class space    used 2435K, committed 2560K, reserved 1048576K
}
Event: 7.112 GC heap after
{Heap after GC invocations=8 (full 0):
 garbage-first heap   total reserved 4124672K, committed 92160K, used 52760K [0x0000000704400000, 0x0000000800000000)
  region size 2048K, 1 young (2048K), 1 survivors (2048K)
 Metaspace       used 23756K, committed 24064K, reserved 1114112K
  class space    used 2435K, committed 2560K, reserved 1048576K
}
Event: 1730.631 GC heap before
{Heap before GC invocations=8 (full 0):
 garbage-first heap   total reserved 4124672K, committed 92160K, used 54808K [0x0000000704400000, 0x0000000800000000)
  region size 2048K, 3 young (6144K), 1 survivors (2048K)
 Metaspace       used 24398K, committed 24640K, reserved 1114112K
  class space    used 2485K, committed 2560K, reserved 1048576K
}
Event: 1730.634 GC heap after
{Heap after GC invocations=9 (full 0):
 garbage-first heap   total reserved 4124672K, committed 92160K, used 53042K [0x0000000704400000, 0x0000000800000000)
  region size 2048K, 1 young (2048K), 1 survivors (2048K)
 Metaspace       used 24398K, committed 24640K, reserved 1114112K
  class space    used 2485K, committed 2560K, reserved 1048576K
}
Event: 1730.688 GC heap before
{Heap before GC invocations=10 (full 0):
 garbage-first heap   total reserved 4124672K, committed 96256K, used 55090K [0x0000000704400000, 0x0000000800000000)
  region size 2048K, 2 young (4096K), 1 survivors (2048K)
 Metaspace       used 24400K, committed 24640K, reserved 1114112K
  class space    used 2485K, committed 2560K, reserved 1048576K
}
Event: 1730.691 GC heap after
{Heap after GC invocations=11 (full 0):
 garbage-first heap   total reserved 4124672K, committed 194560K, used 55092K [0x0000000704400000, 0x0000000800000000)
  region size 2048K, 1 young (2048K), 1 survivors (2048K)
 Metaspace       used 24400K, committed 24640K, reserved 1114112K
  class space    used 2485K, committed 2560K, reserved 1048576K
}

Dll operation events (11 events):
Event: 0.007 Loaded shared library C:\Users\uazko\.p2\pool\plugins\org.eclipse.justj.openjdk.hotspot.jre.full.win32.x86_64_22.0.2.v20240802-1626\jre\bin\java.dll
Event: 0.011 Loaded shared library C:\Users\uazko\.p2\pool\plugins\org.eclipse.justj.openjdk.hotspot.jre.full.win32.x86_64_22.0.2.v20240802-1626\jre\bin\zip.dll
Event: 0.263 Loaded shared library C:\Users\uazko\.p2\pool\plugins\org.eclipse.justj.openjdk.hotspot.jre.full.win32.x86_64_22.0.2.v20240802-1626\jre\bin\jimage.dll
Event: 0.297 Loaded shared library C:\Users\uazko\.p2\pool\plugins\org.eclipse.justj.openjdk.hotspot.jre.full.win32.x86_64_22.0.2.v20240802-1626\jre\bin\zip.dll
Event: 0.317 Loaded shared library C:\Users\uazko\.p2\pool\plugins\org.eclipse.justj.openjdk.hotspot.jre.full.win32.x86_64_22.0.2.v20240802-1626\jre\bin\net.dll
Event: 0.318 Loaded shared library C:\Users\uazko\.p2\pool\plugins\org.eclipse.justj.openjdk.hotspot.jre.full.win32.x86_64_22.0.2.v20240802-1626\jre\bin\nio.dll
Event: 0.347 Loaded shared library C:\Users\uazko\.p2\pool\plugins\org.eclipse.justj.openjdk.hotspot.jre.full.win32.x86_64_22.0.2.v20240802-1626\jre\bin\awt.dll
Event: 0.467 Loaded shared library C:\Users\uazko\.p2\pool\plugins\org.eclipse.justj.openjdk.hotspot.jre.full.win32.x86_64_22.0.2.v20240802-1626\jre\bin\freetype.dll
Event: 0.468 Loaded shared library C:\Users\uazko\.p2\pool\plugins\org.eclipse.justj.openjdk.hotspot.jre.full.win32.x86_64_22.0.2.v20240802-1626\jre\bin\fontmanager.dll
Event: 5.711 Loaded shared library C:\Users\uazko\.p2\pool\plugins\org.eclipse.justj.openjdk.hotspot.jre.full.win32.x86_64_22.0.2.v20240802-1626\jre\bin\extnet.dll
Event: 6.875 Loaded shared library C:\Users\uazko\.p2\pool\plugins\org.eclipse.justj.openjdk.hotspot.jre.full.win32.x86_64_22.0.2.v20240802-1626\jre\bin\javajpeg.dll

Deoptimization events (20 events):
Event: 7.070 Thread 0x0000022143945410 DEOPT PACKING pc=0x00000221335d2d9c sp=0x000000aadfefdaf0
Event: 7.070 Thread 0x0000022143945410 DEOPT UNPACKING pc=0x0000022132ea46a2 sp=0x000000aadfefda68 mode 2
Event: 7.070 Thread 0x0000022143945410 Uncommon trap: trap_request=0xffffffde fr.pc=0x00000221335d2d9c relative=0x00000000000000fc
Event: 7.070 Thread 0x0000022143945410 Uncommon trap: reason=class_check action=maybe_recompile pc=0x00000221335d2d9c method=jdk.internal.misc.Unsafe.allocateUninitializedArray(Ljava/lang/Class;I)Ljava/lang/Object; @ 51 c2
Event: 7.070 Thread 0x0000022143945410 DEOPT PACKING pc=0x00000221335d2d9c sp=0x000000aadfefdaf0
Event: 7.070 Thread 0x0000022143945410 DEOPT UNPACKING pc=0x0000022132ea46a2 sp=0x000000aadfefda68 mode 2
Event: 7.070 Thread 0x0000022143945410 Uncommon trap: trap_request=0xffffffde fr.pc=0x00000221335d2d9c relative=0x00000000000000fc
Event: 7.070 Thread 0x0000022143945410 Uncommon trap: reason=class_check action=maybe_recompile pc=0x00000221335d2d9c method=jdk.internal.misc.Unsafe.allocateUninitializedArray(Ljava/lang/Class;I)Ljava/lang/Object; @ 51 c2
Event: 7.070 Thread 0x0000022143945410 DEOPT PACKING pc=0x00000221335d2d9c sp=0x000000aadfefd7c0
Event: 7.070 Thread 0x0000022143945410 DEOPT UNPACKING pc=0x0000022132ea46a2 sp=0x000000aadfefd738 mode 2
Event: 7.070 Thread 0x0000022143945410 Uncommon trap: trap_request=0xffffffde fr.pc=0x00000221335d2d9c relative=0x00000000000000fc
Event: 7.070 Thread 0x0000022143945410 Uncommon trap: reason=class_check action=maybe_recompile pc=0x00000221335d2d9c method=jdk.internal.misc.Unsafe.allocateUninitializedArray(Ljava/lang/Class;I)Ljava/lang/Object; @ 51 c2
Event: 7.070 Thread 0x0000022143945410 DEOPT PACKING pc=0x00000221335d2d9c sp=0x000000aadfefdaf0
Event: 7.070 Thread 0x0000022143945410 DEOPT UNPACKING pc=0x0000022132ea46a2 sp=0x000000aadfefda68 mode 2
Event: 7.101 Thread 0x0000022143945410 DEOPT PACKING pc=0x000002212bd28dea sp=0x000000aadfefd7d0
Event: 7.101 Thread 0x0000022143945410 DEOPT UNPACKING pc=0x0000022132ea4e42 sp=0x000000aadfefcc08 mode 0
Event: 9.128 Thread 0x0000022143945410 Uncommon trap: trap_request=0xffffff45 fr.pc=0x00000221335aa64c relative=0x000000000000012c
Event: 9.128 Thread 0x0000022143945410 Uncommon trap: reason=unstable_if action=reinterpret pc=0x00000221335aa64c method=java.lang.StringCoding.countPositives([BII)I @ 17 c2
Event: 9.128 Thread 0x0000022143945410 DEOPT PACKING pc=0x00000221335aa64c sp=0x000000aadfefd8b0
Event: 9.128 Thread 0x0000022143945410 DEOPT UNPACKING pc=0x0000022132ea46a2 sp=0x000000aadfefd838 mode 2

Classes loaded (20 events):
Event: 9.134 Loading class java/util/concurrent/atomic/AtomicReferenceFieldUpdater
Event: 9.135 Loading class java/util/concurrent/atomic/AtomicReferenceFieldUpdater done
Event: 9.136 Loading class java/util/concurrent/atomic/AtomicReferenceFieldUpdater$AtomicReferenceFieldUpdaterImpl
Event: 9.136 Loading class java/util/concurrent/atomic/AtomicReferenceFieldUpdater$AtomicReferenceFieldUpdaterImpl done
Event: 9.137 Loading class java/util/concurrent/atomic/AtomicReferenceFieldUpdater$AtomicReferenceFieldUpdaterImpl$1
Event: 9.138 Loading class java/util/concurrent/atomic/AtomicReferenceFieldUpdater$AtomicReferenceFieldUpdaterImpl$1 done
Event: 9.149 Loading class javax/swing/JTable$4
Event: 9.149 Loading class javax/swing/JTable$4 done
Event: 1729.899 Loading class javax/swing/RepaintManager$DisplayChangedRunnable
Event: 1729.899 Loading class javax/swing/RepaintManager$DisplayChangedRunnable done
Event: 1729.900 Loading class java/awt/IllegalComponentStateException
Event: 1729.900 Loading class java/awt/IllegalComponentStateException done
Event: 1729.900 Loading class java/lang/Throwable$WrappedPrintStream
Event: 1729.901 Loading class java/lang/Throwable$PrintStreamOrWriter
Event: 1729.901 Loading class java/lang/Throwable$PrintStreamOrWriter done
Event: 1729.901 Loading class java/lang/Throwable$WrappedPrintStream done
Event: 1729.901 Loading class java/lang/StackTraceElement$HashedModules
Event: 1729.902 Loading class java/lang/StackTraceElement$HashedModules done
Event: 1729.904 Loading class java/awt/AWTError
Event: 1729.904 Loading class java/awt/AWTError done

Classes unloaded (0 events):
No events

Classes redefined (0 events):
No events

Internal exceptions (20 events):
Event: 0.431 Thread 0x0000022143945410 Exception <a 'java/lang/NoSuchMethodError'{0x00000007138ff2e0}: 'java.lang.Object java.lang.invoke.DirectMethodHandle$Holder.invokeStatic(java.lang.Object, int, java.lang.Object)'> (0x00000007138ff2e0) 
thrown [s\src\hotspot\share\interpreter\linkResolver.cpp, line 774]
Event: 0.441 Thread 0x0000022143945410 Exception <a 'java/lang/ClassNotFoundException'{0x0000000713971be8}: com/sun/java/swing/plaf/windows/resources/spi/windowsProvider> (0x0000000713971be8) 
thrown [s\src\hotspot\share\classfile\systemDictionary.cpp, line 313]
Event: 0.442 Thread 0x0000022143945410 Exception <a 'java/lang/ClassNotFoundException'{0x0000000713976ac0}: com/sun/swing/internal/plaf/basic/resources/spi/basicProvider> (0x0000000713976ac0) 
thrown [s\src\hotspot\share\classfile\systemDictionary.cpp, line 313]
Event: 0.445 Thread 0x0000022143945410 Exception <a 'java/lang/NoSuchMethodError'{0x00000007139880e0}: 'java.lang.Object java.lang.invoke.DirectMethodHandle$Holder.invokeStatic(java.lang.Object, java.lang.Object, int, java.lang.Object)'> (0x00000007139880e0) 
thrown [s\src\hotspot\share\interpreter\linkResolver.cpp, line 774]
Event: 0.446 Thread 0x0000022143945410 Exception <a 'java/lang/NoSuchMethodError'{0x000000071398e610}: 'java.lang.Object java.lang.invoke.DirectMethodHandle$Holder.newInvokeSpecial(java.lang.Object, java.lang.Object, int)'> (0x000000071398e610) 
thrown [s\src\hotspot\share\interpreter\linkResolver.cpp, line 774]
Event: 0.493 Thread 0x0000022143945410 Exception <a 'java/lang/NoSuchMethodError'{0x000000071361af90}: 'int java.lang.invoke.Invokers$Holder.invokeExact_MT(java.lang.Object, java.lang.Object)'> (0x000000071361af90) 
thrown [s\src\hotspot\share\interpreter\linkResolver.cpp, line 774]
Event: 0.655 Thread 0x0000022143a6e7a0 Exception <a 'java/lang/NoSuchMethodError'{0x00000007134c5a18}: 'java.lang.Object java.lang.invoke.DirectMethodHandle$Holder.newInvokeSpecial(java.lang.Object, java.lang.Object, java.lang.Object, int, int, int, int, int)'> (0x00000007134c5a18) 
thrown [s\src\hotspot\share\interpreter\linkResolver.cpp, line 774]
Event: 0.893 Thread 0x000002214393c8f0 Exception <a 'java/lang/NoSuchMethodError'{0x0000000713b81680}: 'void java.lang.invoke.DirectMethodHandle$Holder.invokeVirtual(java.lang.Object, java.lang.Object)'> (0x0000000713b81680) 
thrown [s\src\hotspot\share\interpreter\linkResolver.cpp, line 774]
Event: 3.539 Thread 0x0000022143945410 Exception <a 'java/lang/NoSuchMethodError'{0x0000000713a74e98}: 'void java.lang.invoke.DirectMethodHandle$Holder.invokeSpecial(java.lang.Object, java.lang.Object, java.lang.Object, java.lang.Object, java.lang.Object)'> (0x0000000713a74e98) 
thrown [s\src\hotspot\share\interpreter\linkResolver.cpp, line 774]
Event: 5.595 Thread 0x0000022143945410 Exception <a 'java/lang/NoSuchMethodError'{0x0000000713b18ed8}: 'void java.lang.invoke.DirectMethodHandle$Holder.invokeStatic(java.lang.Object, java.lang.Object)'> (0x0000000713b18ed8) 
thrown [s\src\hotspot\share\interpreter\linkResolver.cpp, line 774]
Event: 5.634 Thread 0x0000022143945410 Exception <a 'java/lang/NoSuchMethodError'{0x000000071381e5a8}: 'void java.lang.invoke.DirectMethodHandle$Holder.invokeStatic(java.lang.Object, java.lang.Object, java.lang.Object)'> (0x000000071381e5a8) 
thrown [s\src\hotspot\share\interpreter\linkResolver.cpp, line 774]
Event: 5.637 Thread 0x0000022143945410 Exception <a 'java/lang/NoSuchMethodError'{0x000000071383dfb0}: 'java.lang.Object java.lang.invoke.DirectMethodHandle$Holder.invokeVirtual(java.lang.Object, java.lang.Object, java.lang.Object)'> (0x000000071383dfb0) 
thrown [s\src\hotspot\share\interpreter\linkResolver.cpp, line 774]
Event: 5.988 Thread 0x0000022143945410 Exception <a 'java/lang/NoSuchMethodError'{0x000000070813c290}: 'int java.lang.invoke.DirectMethodHandle$Holder.invokeStatic(java.lang.Object)'> (0x000000070813c290) 
thrown [s\src\hotspot\share\interpreter\linkResolver.cpp, line 774]
Event: 5.992 Thread 0x0000022143945410 Exception <a 'java/lang/NoSuchMethodError'{0x0000000708156ab0}: 'java.lang.Object java.lang.invoke.DirectMethodHandle$Holder.newInvokeSpecial(java.lang.Object, int, java.lang.Object)'> (0x0000000708156ab0) 
thrown [s\src\hotspot\share\interpreter\linkResolver.cpp, line 774]
Event: 1729.891 Thread 0x0000022143945410 Exception <a 'sun/java2d/InvalidPipeException'{0x00000007134a4288}: GDIWindowSurfaceData: bounds changed> (0x00000007134a4288) 
thrown [s\src\hotspot\share\prims\jni.cpp, line 539]
Event: 1729.891 Thread 0x0000022143945410 Exception <a 'sun/java2d/InvalidPipeException'{0x00000007134a4b10}: GDIWindowSurfaceData: bounds changed> (0x00000007134a4b10) 
thrown [s\src\hotspot\share\prims\jni.cpp, line 539]
Event: 1729.891 Thread 0x0000022143945410 Exception <a 'sun/java2d/InvalidPipeException'{0x00000007134a54a0}: GDIWindowSurfaceData: bounds changed> (0x00000007134a54a0) 
thrown [s\src\hotspot\share\prims\jni.cpp, line 539]
Event: 1729.891 Thread 0x0000022143945410 Exception <a 'sun/java2d/InvalidPipeException'{0x00000007134a5df8}: GDIWindowSurfaceData: bounds changed> (0x00000007134a5df8) 
thrown [s\src\hotspot\share\prims\jni.cpp, line 539]
Event: 1729.891 Thread 0x0000022143945410 Exception <a 'sun/java2d/InvalidPipeException'{0x00000007134a6680}: GDIWindowSurfaceData: bounds changed> (0x00000007134a6680) 
thrown [s\src\hotspot\share\prims\jni.cpp, line 539]
Event: 1729.892 Thread 0x0000022143945410 Exception <a 'sun/java2d/InvalidPipeException'{0x00000007134a6fe0}: GDIWindowSurfaceData: bounds changed> (0x00000007134a6fe0) 
thrown [s\src\hotspot\share\prims\jni.cpp, line 539]

ZGC Phase Switch (0 events):
No events

VM Operations (20 events):
Event: 1167.822 Executing VM operation: Cleanup
Event: 1167.822 Executing VM operation: Cleanup done
Event: 1208.182 Executing VM operation: Cleanup
Event: 1208.182 Executing VM operation: Cleanup done
Event: 1581.258 Executing VM operation: Cleanup
Event: 1581.259 Executing VM operation: Cleanup done
Event: 1582.272 Executing VM operation: Cleanup
Event: 1582.273 Executing VM operation: Cleanup done
Event: 1730.276 Executing VM operation: Cleanup
Event: 1730.276 Executing VM operation: Cleanup done
Event: 1730.631 Executing VM operation: G1TryInitiateConcMark (G1 Humongous Allocation)
Event: 1730.634 Executing VM operation: G1TryInitiateConcMark (G1 Humongous Allocation) done
Event: 1730.642 Executing VM operation: G1PauseRemark
Event: 1730.644 Executing VM operation: G1PauseRemark done
Event: 1730.646 Executing VM operation: G1PauseCleanup
Event: 1730.646 Executing VM operation: G1PauseCleanup done
Event: 1730.688 Executing VM operation: G1TryInitiateConcMark (G1 Humongous Allocation)
Event: 1730.691 Executing VM operation: G1TryInitiateConcMark (G1 Humongous Allocation) done
Event: 1731.701 Executing VM operation: Cleanup
Event: 1731.701 Executing VM operation: Cleanup done

Memory protections (0 events):
No events

Nmethod flushes (20 events):
Event: 1730.644 Thread 0x00000221431bc460 flushing  nmethod 0x000002212bbb2390
Event: 1730.644 Thread 0x00000221431bc460 flushing  nmethod 0x000002212bbf1490
Event: 1730.644 Thread 0x00000221431bc460 flushing  nmethod 0x000002213363e090
Event: 1730.644 Thread 0x00000221431bc460 flushing  nmethod 0x0000022133641a10
Event: 1730.644 Thread 0x00000221431bc460 flushing  nmethod 0x0000022133642690
Event: 1730.644 Thread 0x00000221431bc460 flushing  nmethod 0x000002212ba18e10
Event: 1730.644 Thread 0x00000221431bc460 flushing  nmethod 0x000002212bbc6510
Event: 1730.644 Thread 0x00000221431bc460 flushing  nmethod 0x000002212bbc8910
Event: 1730.644 Thread 0x00000221431bc460 flushing  nmethod 0x000002212bc2ad90
Event: 1730.644 Thread 0x00000221431bc460 flushing  nmethod 0x000002212bda0d90
Event: 1730.644 Thread 0x00000221431bc460 flushing  nmethod 0x000002212bda3410
Event: 1730.644 Thread 0x00000221431bc460 flushing  nmethod 0x000002212ba0bb10
Event: 1730.644 Thread 0x00000221431bc460 flushing  nmethod 0x000002212ba10690
Event: 1730.644 Thread 0x00000221431bc460 flushing  nmethod 0x000002212bb75010
Event: 1730.644 Thread 0x00000221431bc460 flushing  nmethod 0x000002212bb76110
Event: 1730.644 Thread 0x00000221431bc460 flushing  nmethod 0x000002212bc22f10
Event: 1730.644 Thread 0x00000221431bc460 flushing  nmethod 0x000002212bca6f90
Event: 1730.644 Thread 0x00000221431bc460 flushing  nmethod 0x000002212bba2d90
Event: 1730.644 Thread 0x00000221431bc460 flushing  nmethod 0x000002212bbcb190
Event: 1730.644 Thread 0x00000221431bc460 flushing  nmethod 0x000002212bc60690

Events (20 events):
Event: 3.678 Thread 0x00000221499c1100 Thread exited: 0x00000221499c1100
Event: 3.974 Thread 0x00000221499c0100 Thread exited: 0x00000221499c0100
Event: 3.978 Thread 0x00000221499bb630 Thread exited: 0x00000221499bb630
Event: 4.152 Thread 0x0000022149a14080 Thread exited: 0x0000022149a14080
Event: 5.596 Thread 0x0000022143945410 Thread added: 0x00000221432d2e00
Event: 5.627 Thread 0x0000022143287390 Thread added: 0x00000221435500b0
Event: 5.761 Thread 0x0000022143a6e7a0 Thread exited: 0x0000022143a6e7a0
Event: 5.803 Thread 0x00000221432833e0 Thread added: 0x0000022149aa4860
Event: 6.104 Thread 0x0000022149aa4860 Thread exited: 0x0000022149aa4860
Event: 6.104 Thread 0x00000221435500b0 Thread exited: 0x00000221435500b0
Event: 6.873 Thread 0x0000022143945410 Thread added: 0x0000022149a8f240
Event: 6.953 Thread 0x00000221432833e0 Thread added: 0x0000022149c38470
Event: 7.294 Thread 0x0000022149c38470 Thread exited: 0x0000022149c38470
Event: 12.066 Thread 0x0000022149a8f240 Thread exited: 0x0000022149a8f240
Event: 14.475 Thread 0x0000022143af4ae0 Thread exited: 0x0000022143af4ae0
Event: 19.489 Thread 0x00000221434bca80 Thread exited: 0x00000221434bca80
Event: 24.491 Thread 0x0000022143395610 Thread exited: 0x0000022143395610
Event: 1581.202 Thread 0x0000022143287390 Thread added: 0x0000022125d5cf90
Event: 1586.418 Thread 0x0000022125d5cf90 Thread exited: 0x0000022125d5cf90
Event: 1730.865 Thread 0x0000022143287390 Thread added: 0x0000022149722320


Dynamic libraries:
0x00007ff695730000 - 0x00007ff69573e000 	C:\Users\uazko\.p2\pool\plugins\org.eclipse.justj.openjdk.hotspot.jre.full.win32.x86_64_22.0.2.v20240802-1626\jre\bin\javaw.exe
0x00007ffe64f10000 - 0x00007ffe65127000 	C:\Windows\SYSTEM32\ntdll.dll
0x00007ffe64a60000 - 0x00007ffe64b24000 	C:\Windows\System32\KERNEL32.DLL
0x00007ffe62170000 - 0x00007ffe62541000 	C:\Windows\System32\KERNELBASE.dll
0x00007ffe629a0000 - 0x00007ffe62ab1000 	C:\Windows\System32\ucrtbase.dll
0x00007ffe0ea20000 - 0x00007ffe0ea3b000 	C:\Users\uazko\.p2\pool\plugins\org.eclipse.justj.openjdk.hotspot.jre.full.win32.x86_64_22.0.2.v20240802-1626\jre\bin\VCRUNTIME140.dll
0x00007ffe0ea40000 - 0x00007ffe0ea57000 	C:\Users\uazko\.p2\pool\plugins\org.eclipse.justj.openjdk.hotspot.jre.full.win32.x86_64_22.0.2.v20240802-1626\jre\bin\jli.dll
0x00007ffe63850000 - 0x00007ffe63a01000 	C:\Windows\System32\USER32.dll
0x00007ffe628f0000 - 0x00007ffe62916000 	C:\Windows\System32\win32u.dll
0x00007ffe63dd0000 - 0x00007ffe63df9000 	C:\Windows\System32\GDI32.dll
0x00007ffe62ac0000 - 0x00007ffe62bdb000 	C:\Windows\System32\gdi32full.dll
0x00007ffe62050000 - 0x00007ffe620ea000 	C:\Windows\System32\msvcp_win.dll
0x00007ffe4ad60000 - 0x00007ffe4aff2000 	C:\Windows\WinSxS\amd64_microsoft.windows.common-controls_6595b64144ccf1df_6.0.22621.4830_none_270fe7d773858e80\COMCTL32.dll
0x00007ffe64d90000 - 0x00007ffe64e37000 	C:\Windows\System32\msvcrt.dll
0x00007ffe64b40000 - 0x00007ffe64b71000 	C:\Windows\System32\IMM32.DLL
0x00007ffe54ba0000 - 0x00007ffe54bac000 	C:\Users\uazko\.p2\pool\plugins\org.eclipse.justj.openjdk.hotspot.jre.full.win32.x86_64_22.0.2.v20240802-1626\jre\bin\vcruntime140_1.dll
0x00007ffe02910000 - 0x00007ffe0299e000 	C:\Users\uazko\.p2\pool\plugins\org.eclipse.justj.openjdk.hotspot.jre.full.win32.x86_64_22.0.2.v20240802-1626\jre\bin\msvcp140.dll
0x00007ffdc2020000 - 0x00007ffdc2de3000 	C:\Users\uazko\.p2\pool\plugins\org.eclipse.justj.openjdk.hotspot.jre.full.win32.x86_64_22.0.2.v20240802-1626\jre\bin\server\jvm.dll
0x00007ffe63be0000 - 0x00007ffe63c91000 	C:\Windows\System32\ADVAPI32.dll
0x00007ffe63ca0000 - 0x00007ffe63d47000 	C:\Windows\System32\sechost.dll
0x00007ffe62750000 - 0x00007ffe62778000 	C:\Windows\System32\bcrypt.dll
0x00007ffe63e10000 - 0x00007ffe63f24000 	C:\Windows\System32\RPCRT4.dll
0x00007ffe63d50000 - 0x00007ffe63dc1000 	C:\Windows\System32\WS2_32.dll
0x00007ffe5d410000 - 0x00007ffe5d444000 	C:\Windows\SYSTEM32\WINMM.dll
0x00007ffe61f20000 - 0x00007ffe61f6d000 	C:\Windows\SYSTEM32\POWRPROF.dll
0x00007ffe45ed0000 - 0x00007ffe45eda000 	C:\Windows\SYSTEM32\VERSION.dll
0x00007ffe61e50000 - 0x00007ffe61e63000 	C:\Windows\SYSTEM32\UMPDC.dll
0x00007ffe61060000 - 0x00007ffe61078000 	C:\Windows\SYSTEM32\kernel.appcore.dll
0x00007ffe558e0000 - 0x00007ffe558ea000 	C:\Users\uazko\.p2\pool\plugins\org.eclipse.justj.openjdk.hotspot.jre.full.win32.x86_64_22.0.2.v20240802-1626\jre\bin\jimage.dll
0x00007ffe5f4a0000 - 0x00007ffe5f6d2000 	C:\Windows\SYSTEM32\DBGHELP.DLL
0x00007ffe63f30000 - 0x00007ffe642c0000 	C:\Windows\System32\combase.dll
0x00007ffe64cb0000 - 0x00007ffe64d87000 	C:\Windows\System32\OLEAUT32.dll
0x00007ffe3ae70000 - 0x00007ffe3aea2000 	C:\Windows\SYSTEM32\dbgcore.DLL
0x00007ffe62920000 - 0x00007ffe6299b000 	C:\Windows\System32\bcryptPrimitives.dll
0x00007ffe54ad0000 - 0x00007ffe54aee000 	C:\Users\uazko\.p2\pool\plugins\org.eclipse.justj.openjdk.hotspot.jre.full.win32.x86_64_22.0.2.v20240802-1626\jre\bin\java.dll
0x00007ffe62da0000 - 0x00007ffe63628000 	C:\Windows\System32\SHELL32.dll
0x00007ffe62610000 - 0x00007ffe6274f000 	C:\Windows\System32\wintypes.dll
0x00007ffe63630000 - 0x00007ffe637d1000 	C:\Windows\System32\ole32.dll
0x00007ffe4cef0000 - 0x00007ffe4cf07000 	C:\Users\uazko\.p2\pool\plugins\org.eclipse.justj.openjdk.hotspot.jre.full.win32.x86_64_22.0.2.v20240802-1626\jre\bin\zip.dll
0x00007ffe5ff60000 - 0x00007ffe6086d000 	C:\Windows\SYSTEM32\windows.storage.dll
0x00007ffe64b80000 - 0x00007ffe64c8a000 	C:\Windows\System32\SHCORE.dll
0x00007ffe649b0000 - 0x00007ffe64a0e000 	C:\Windows\System32\shlwapi.dll
0x00007ffe61f80000 - 0x00007ffe61fab000 	C:\Windows\SYSTEM32\profapi.dll
0x00007ffe558d0000 - 0x00007ffe558e0000 	C:\Users\uazko\.p2\pool\plugins\org.eclipse.justj.openjdk.hotspot.jre.full.win32.x86_64_22.0.2.v20240802-1626\jre\bin\net.dll
0x00007ffe614c0000 - 0x00007ffe6152a000 	C:\Windows\system32\mswsock.dll
0x00007ffe4cea0000 - 0x00007ffe4ceb6000 	C:\Users\uazko\.p2\pool\plugins\org.eclipse.justj.openjdk.hotspot.jre.full.win32.x86_64_22.0.2.v20240802-1626\jre\bin\nio.dll
0x00007ffe0ed30000 - 0x00007ffe0eebd000 	C:\Users\uazko\.p2\pool\plugins\org.eclipse.justj.openjdk.hotspot.jre.full.win32.x86_64_22.0.2.v20240802-1626\jre\bin\awt.dll
0x00007ffe5cb70000 - 0x00007ffe5cc07000 	C:\Windows\SYSTEM32\apphelp.dll
0x00007ffe5f180000 - 0x00007ffe5f233000 	C:\Windows\system32\uxtheme.dll
0x00007ffe647f0000 - 0x00007ffe6494d000 	C:\Windows\System32\MSCTF.dll
0x00007ffe5f710000 - 0x00007ffe5f73b000 	C:\Windows\system32\DWMAPI.DLL
0x00007ffe296c0000 - 0x00007ffe297c0000 	C:\Windows\system32\opengl32.dll
0x00007ffe481e0000 - 0x00007ffe4820d000 	C:\Windows\SYSTEM32\GLU32.dll
0x00007ffe5f2b0000 - 0x00007ffe5f2e7000 	C:\Windows\SYSTEM32\dxcore.dll
0x00007ffe1d6d0000 - 0x00007ffe1d757000 	C:\Users\uazko\.p2\pool\plugins\org.eclipse.justj.openjdk.hotspot.jre.full.win32.x86_64_22.0.2.v20240802-1626\jre\bin\freetype.dll
0x00007ffe0f060000 - 0x00007ffe0f138000 	C:\Users\uazko\.p2\pool\plugins\org.eclipse.justj.openjdk.hotspot.jre.full.win32.x86_64_22.0.2.v20240802-1626\jre\bin\fontmanager.dll
0x00007ffe62cf0000 - 0x00007ffe62da0000 	C:\Windows\System32\clbcatq.dll
0x00007ffe5ef40000 - 0x00007ffe5f0f0000 	C:\Windows\SYSTEM32\WindowsCodecs.dll
0x00007ffe49840000 - 0x00007ffe4989e000 	C:\Windows\system32\dataexchange.dll
0x00007ffe5e5e0000 - 0x00007ffe5e885000 	C:\Windows\system32\twinapi.appcore.dll
0x00007ffe4c5b0000 - 0x00007ffe4c6f3000 	C:\Windows\SYSTEM32\textinputframework.dll
0x00007ffe5c770000 - 0x00007ffe5c8a5000 	C:\Windows\SYSTEM32\CoreMessaging.dll
0x00007ffe59580000 - 0x00007ffe598ec000 	C:\Windows\SYSTEM32\CoreUIComponents.dll
0x00007ffe616c0000 - 0x00007ffe616cc000 	C:\Windows\SYSTEM32\CRYPTBASE.DLL
0x00007ffe305b0000 - 0x00007ffe305c7000 	C:\Windows\SYSTEM32\wtdccm.dll
0x00007ffe60b90000 - 0x00007ffe60c92000 	C:\Windows\SYSTEM32\DNSAPI.dll
0x00007ffe60b10000 - 0x00007ffe60b3d000 	C:\Windows\SYSTEM32\IPHLPAPI.DLL
0x00007ffe647e0000 - 0x00007ffe647e9000 	C:\Windows\System32\NSI.dll
0x00007ffe5d3d0000 - 0x00007ffe5d3da000 	C:\Windows\System32\rasadhlp.dll
0x00007ffe5ccb0000 - 0x00007ffe5cd33000 	C:\Windows\System32\fwpuclnt.dll
0x00007ffe498a0000 - 0x00007ffe498a9000 	C:\Users\uazko\.p2\pool\plugins\org.eclipse.justj.openjdk.hotspot.jre.full.win32.x86_64_22.0.2.v20240802-1626\jre\bin\extnet.dll
0x00007ffe308b0000 - 0x00007ffe30963000 	C:\Windows\WinSxS\amd64_microsoft.windows.common-controls_6595b64144ccf1df_5.82.22621.3527_none_b43b7f4b638cc64f\comctl32.dll
0x00007ffe0e8c0000 - 0x00007ffe0e8ee000 	C:\Users\uazko\.p2\pool\plugins\org.eclipse.justj.openjdk.hotspot.jre.full.win32.x86_64_22.0.2.v20240802-1626\jre\bin\javajpeg.dll

dbghelp: loaded successfully - version: 4.0.5 - missing functions: none
symbol engine: initialized successfully - sym options: 0x614 - pdb path: .;C:\Users\uazko\.p2\pool\plugins\org.eclipse.justj.openjdk.hotspot.jre.full.win32.x86_64_22.0.2.v20240802-1626\jre\bin;C:\Windows\SYSTEM32;C:\Windows\WinSxS\amd64_microsoft.windows.common-controls_6595b64144ccf1df_6.0.22621.4830_none_270fe7d773858e80;C:\Users\uazko\.p2\pool\plugins\org.eclipse.justj.openjdk.hotspot.jre.full.win32.x86_64_22.0.2.v20240802-1626\jre\bin\server;C:\Windows\WinSxS\amd64_microsoft.windows.common-controls_6595b64144ccf1df_5.82.22621.3527_none_b43b7f4b638cc64f

VM Arguments:
jvm_args: -Dfile.encoding=UTF-8 -Dstdout.encoding=UTF-8 -Dstderr.encoding=UTF-8 -XX:+ShowCodeDetailsInExceptionMessages 
java_command: controlador.Principal
java_class_path (initial): C:\Users\uazko\Documents\Reto\retoFinal\bin;C:\Users\uazko\Documents\Reto\retoFinal\conector\Conector\mysql-connector-java-8.0.15.jar;C:\Users\uazko\.p2\pool\plugins\junit-jupiter-api_5.11.0.jar;C:\Users\uazko\.p2\pool\plugins\junit-jupiter-engine_5.11.0.jar;C:\Users\uazko\.p2\pool\plugins\junit-jupiter-migrationsupport_5.11.0.jar;C:\Users\uazko\.p2\pool\plugins\junit-jupiter-params_5.11.0.jar;C:\Users\uazko\.p2\pool\plugins\junit-platform-commons_1.11.0.jar;C:\Users\uazko\.p2\pool\plugins\junit-platform-engine_1.11.0.jar;C:\Users\uazko\.p2\pool\plugins\junit-platform-launcher_1.11.0.jar;C:\Users\uazko\.p2\pool\plugins\junit-platform-runner_1.11.0.jar;C:\Users\uazko\.p2\pool\plugins\junit-platform-suite-api_1.11.0.jar;C:\Users\uazko\.p2\pool\plugins\junit-platform-suite-engine_1.11.0.jar;C:\Users\uazko\.p2\pool\plugins\junit-platform-suite-commons_1.11.0.jar;C:\Users\uazko\.p2\pool\plugins\junit-vintage-engine_5.11.0.jar;C:\Users\uazko\.p2\pool\plugins\org.opentest4j_1.3.0.jar;C:\Users\uazko\.p2\pool\plugins\org.apiguardian.api_1.1.2.jar;C:\Users\uazko\.p2\pool\plugins\org.junit_4.13.2.v20230809-1000.jar;C:\Users\uazko\.p2\pool\plugins\org.hamcrest_3.0.0.jar;C:\Users\uazko\.p2\pool\plugins\org.hamcrest.core_2.2.0.v20230809-1000.jar
Launcher Type: SUN_STANDARD

[Global flags]
     intx CICompilerCount                          = 12                                        {product} {ergonomic}
     uint ConcGCThreads                            = 3                                         {product} {ergonomic}
     uint G1ConcRefinementThreads                  = 13                                        {product} {ergonomic}
   size_t G1HeapRegionSize                         = 2097152                                   {product} {ergonomic}
   size_t InitialHeapSize                          = 264241152                                 {product} {ergonomic}
   size_t MarkStackSize                            = 4194304                                   {product} {ergonomic}
   size_t MaxHeapSize                              = 4223664128                                {product} {ergonomic}
   size_t MaxNewSize                               = 2533359616                                {product} {ergonomic}
   size_t MinHeapDeltaBytes                        = 2097152                                   {product} {ergonomic}
   size_t MinHeapSize                              = 8388608                                   {product} {ergonomic}
    uintx NonNMethodCodeHeapSize                   = 7602480                                {pd product} {ergonomic}
    uintx NonProfiledCodeHeapSize                  = 122027880                              {pd product} {ergonomic}
    uintx ProfiledCodeHeapSize                     = 122027880                              {pd product} {ergonomic}
    uintx ReservedCodeCacheSize                    = 251658240                              {pd product} {ergonomic}
     bool SegmentedCodeCache                       = true                                      {product} {ergonomic}
     bool ShowCodeDetailsInExceptionMessages       = true                                   {manageable} {command line}
   size_t SoftMaxHeapSize                          = 4223664128                             {manageable} {ergonomic}
     bool UseCompressedOops                        = true                           {product lp64_product} {ergonomic}
     bool UseG1GC                                  = true                                      {product} {ergonomic}
     bool UseLargePagesIndividualAllocation        = false                                  {pd product} {ergonomic}

Logging:
Log output configuration:
 #0: stdout all=warning uptime,level,tags foldmultilines=false
 #1: stderr all=off uptime,level,tags foldmultilines=false

Environment Variables:
PATH=C:/Users/uazko/.p2/pool/plugins/org.eclipse.justj.openjdk.hotspot.jre.full.win32.x86_64_22.0.2.v20240802-1626/jre/bin/server;C:/Users/uazko/.p2/pool/plugins/org.eclipse.justj.openjdk.hotspot.jre.full.win32.x86_64_22.0.2.v20240802-1626/jre/bin;C:\Program Files\Common Files\Oracle\Java\javapath;C:\Program Files (x86)\Common Files\Oracle\Java\javapath;C:\Windows\system32;C:\Windows;C:\Windows\System32\Wbem;C:\Windows\System32\WindowsPowerShell\v1.0\;C:\Windows\System32\OpenSSH\;C:\Users\uazko\Desktop\Git\cmd;C:\Program Files (x86)\BaseX\bin;C:\Users\uazko\AppData\Local\Microsoft\WindowsApps;C:\Users\uazko\AppData\Local\Programs\Microsoft VS Code\bin;C:\Users\uazko\Desktop;
USERNAME=uazko
OS=Windows_NT
PROCESSOR_IDENTIFIER=Intel64 Family 6 Model 154 Stepping 3, GenuineIntel
TMP=C:\Users\uazko\AppData\Local\Temp
TEMP=C:\Users\uazko\AppData\Local\Temp




Periodic native trim disabled

---------------  S Y S T E M  ---------------

OS:
 Windows 11 , 64 bit Build 22621 (10.0.22621.4974)
OS uptime: 5 days 20:38 hours
Hyper-V role detected

CPU: total 16 (initial active 16) (8 cores per cpu, 2 threads per core) family 6 model 154 stepping 3 microcode 0x429, cx8, cmov, fxsr, ht, mmx, 3dnowpref, sse, sse2, sse3, ssse3, sse4.1, sse4.2, popcnt, lzcnt, tsc, tscinvbit, avx, avx2, aes, erms, clmul, bmi1, bmi2, adx, sha, fma, vzeroupper, clflush, clflushopt, clwb, hv, serialize, rdtscp, rdpid, fsrm, f16c, cet_ibt, cet_ss
Processor Information for processor 0
  Max Mhz: 2500, Current Mhz: 2500, Mhz Limit: 2500
Processor Information for processor 1
  Max Mhz: 2500, Current Mhz: 2500, Mhz Limit: 2500
Processor Information for processor 2
  Max Mhz: 2500, Current Mhz: 2500, Mhz Limit: 2500
Processor Information for processor 3
  Max Mhz: 2500, Current Mhz: 2500, Mhz Limit: 2500
Processor Information for processor 4
  Max Mhz: 2500, Current Mhz: 2500, Mhz Limit: 2500
Processor Information for processor 5
  Max Mhz: 2500, Current Mhz: 2500, Mhz Limit: 2500
Processor Information for processor 6
  Max Mhz: 2500, Current Mhz: 2500, Mhz Limit: 2500
Processor Information for processor 7
  Max Mhz: 2500, Current Mhz: 2500, Mhz Limit: 2500
Processor Information for processor 8
  Max Mhz: 2500, Current Mhz: 1500, Mhz Limit: 1800
Processor Information for processor 9
  Max Mhz: 2500, Current Mhz: 1500, Mhz Limit: 1800
Processor Information for processor 10
  Max Mhz: 2500, Current Mhz: 1800, Mhz Limit: 1800
Processor Information for processor 11
  Max Mhz: 2500, Current Mhz: 1800, Mhz Limit: 1800
Processor Information for processor 12
  Max Mhz: 2500, Current Mhz: 1500, Mhz Limit: 1800
Processor Information for processor 13
  Max Mhz: 2500, Current Mhz: 1800, Mhz Limit: 1800
Processor Information for processor 14
  Max Mhz: 2500, Current Mhz: 1800, Mhz Limit: 1800
Processor Information for processor 15
  Max Mhz: 2500, Current Mhz: 1800, Mhz Limit: 1800

Memory: 4k page, system-wide physical 16107M (4896M free)
TotalPageFile size 24299M (AvailPageFile size 8143M)
current process WorkingSet (physical memory assigned to process): 157M, peak: 173M
current process commit charge ("private bytes"): 315M, peak: 385M

vm_info: OpenJDK 64-Bit Server VM (22.0.2+9) for windows-amd64 JRE (22.0.2+9), built on 2024-07-16T00:00:00Z by "admin" with MS VC++ 17.7 (VS2022)

END.
